--
-- PostgreSQL database dump
--

\restrict ZNLnMXdhI1gg24BRWFr4SC3E9J5rb8eS8OtjaUPUs2GaHfDl446F0WnqsDboqkQ

-- Dumped from database version 14.19 (Debian 14.19-1.pgdg13+1)
-- Dumped by pg_dump version 16.10 (Ubuntu 16.10-0ubuntu0.24.04.1)

SET statement_timeout = 0;
SET lock_timeout = 0;
SET idle_in_transaction_session_timeout = 0;
SET client_encoding = 'UTF8';
SET standard_conforming_strings = on;
SELECT pg_catalog.set_config('search_path', '', false);
SET check_function_bodies = false;
SET xmloption = content;
SET client_min_messages = warning;
SET row_security = off;

--
-- Data for Name: namespaces; Type: TABLE DATA; Schema: public; Owner: marquez
--

SET SESSION AUTHORIZATION DEFAULT;

ALTER TABLE public.namespaces DISABLE TRIGGER ALL;

INSERT INTO public.namespaces (uuid, created_at, updated_at, name, description, current_owner_name, is_hidden) VALUES ('d6aa17c5-9d98-4763-8e32-d39b104a921d', '2025-10-05 09:40:49+00', '2025-10-05 09:40:49+00', 'food_delivery', NULL, 'anonymous', false);
INSERT INTO public.namespaces (uuid, created_at, updated_at, name, description, current_owner_name, is_hidden) VALUES ('eef2e902-68ea-41e9-a14a-8112e9bbfe9b', '2025-10-05 09:40:47.428038+00', '2025-10-06 05:52:08.589353+00', 'default', 'The default global namespace for dataset, job, and run metadata not belonging to a user-specified namespace.', 'anonymous', false);


ALTER TABLE public.namespaces ENABLE TRIGGER ALL;

--
-- Data for Name: sources; Type: TABLE DATA; Schema: public; Owner: marquez
--

ALTER TABLE public.sources DISABLE TRIGGER ALL;

INSERT INTO public.sources (uuid, type, created_at, updated_at, name, connection_url, description) VALUES ('c540f325-88ef-49ad-b2d7-ddad777ef735', 'POSTGRESQL', '2025-10-05 09:40:49+00', '2025-10-05 10:38:33+00', 'food_delivery_db', 'postgres://food_delivery:food_delivery@postgres:5432/food_delivery', NULL);
INSERT INTO public.sources (uuid, type, created_at, updated_at, name, connection_url, description) VALUES ('7f6c106b-e42f-4ae5-b504-56525ad7f9da', 'POSTGRESQL', '2025-10-05 10:38:33+00', '2025-10-05 10:38:33+00', 'default', '', NULL);


ALTER TABLE public.sources ENABLE TRIGGER ALL;

--
-- Data for Name: datasets; Type: TABLE DATA; Schema: public; Owner: marquez
--

ALTER TABLE public.datasets DISABLE TRIGGER ALL;

INSERT INTO public.datasets (uuid, type, created_at, updated_at, namespace_uuid, source_uuid, name, physical_name, description, current_version_uuid, last_modified_at, namespace_name, source_name, is_deleted, is_hidden) VALUES ('974c691c-b523-451d-9a9a-c6daf27fa2f5', 'DB_TABLE', '2025-10-05 10:38:33+00', '2025-10-05 10:38:33+00', 'd6aa17c5-9d98-4763-8e32-d39b104a921d', 'c540f325-88ef-49ad-b2d7-ddad777ef735', 'public.top_delivery_times', 'public.top_delivery_times', NULL, 'c5eb49ec-b6bf-4a18-ae9d-b659b4f1aac0', NULL, 'food_delivery', 'food_delivery_db', false, false);
INSERT INTO public.datasets (uuid, type, created_at, updated_at, namespace_uuid, source_uuid, name, physical_name, description, current_version_uuid, last_modified_at, namespace_name, source_name, is_deleted, is_hidden) VALUES ('dbc2eeef-7b3c-4809-8cc5-b82c2dfa4b41', 'DB_TABLE', '2025-10-05 10:38:33+00', '2025-10-05 10:39:18.337268+00', 'd6aa17c5-9d98-4763-8e32-d39b104a921d', 'c540f325-88ef-49ad-b2d7-ddad777ef735', 'public.popular_orders_day_of_week', 'public.popular_orders_day_of_week', 'A table for popular orders by day of week.', '075c9ceb-f73d-4fcf-812b-cee8fa0f1358', NULL, 'food_delivery', 'food_delivery_db', false, false);
INSERT INTO public.datasets (uuid, type, created_at, updated_at, namespace_uuid, source_uuid, name, physical_name, description, current_version_uuid, last_modified_at, namespace_name, source_name, is_deleted, is_hidden) VALUES ('43abdbba-8614-4fd4-bbaa-80fbe5b6203a', 'DB_TABLE', '2025-10-05 10:38:33+00', '2025-10-05 10:38:33+00', 'd6aa17c5-9d98-4763-8e32-d39b104a921d', 'c540f325-88ef-49ad-b2d7-ddad777ef735', 'public.discounts', 'public.discounts', NULL, 'e2e4b1bf-1801-491a-b4a9-d7cb18bf198a', NULL, 'food_delivery', 'food_delivery_db', false, false);
INSERT INTO public.datasets (uuid, type, created_at, updated_at, namespace_uuid, source_uuid, name, physical_name, description, current_version_uuid, last_modified_at, namespace_name, source_name, is_deleted, is_hidden) VALUES ('70fecfb6-731a-4952-ad94-c145fd39b6c4', 'DB_TABLE', '2025-10-05 09:40:49+00', '2025-10-05 10:38:33+00', 'd6aa17c5-9d98-4763-8e32-d39b104a921d', 'c540f325-88ef-49ad-b2d7-ddad777ef735', 'public.menus', 'public.menus', NULL, 'c09244dc-5c97-482d-9d86-bbdd7351357d', NULL, 'food_delivery', 'food_delivery_db', false, false);
INSERT INTO public.datasets (uuid, type, created_at, updated_at, namespace_uuid, source_uuid, name, physical_name, description, current_version_uuid, last_modified_at, namespace_name, source_name, is_deleted, is_hidden) VALUES ('84e5ecdf-4681-4d6a-a1de-935ed0cf7e30', 'DB_TABLE', '2025-10-05 10:38:33+00', '2025-10-05 10:38:33+00', 'd6aa17c5-9d98-4763-8e32-d39b104a921d', 'c540f325-88ef-49ad-b2d7-ddad777ef735', 'public.menu_items', 'public.menu_items', NULL, 'd24f7ddf-50bb-4d7d-9b9c-6efb21ff1e0f', NULL, 'food_delivery', 'food_delivery_db', false, false);
INSERT INTO public.datasets (uuid, type, created_at, updated_at, namespace_uuid, source_uuid, name, physical_name, description, current_version_uuid, last_modified_at, namespace_name, source_name, is_deleted, is_hidden) VALUES ('21dae454-f4aa-4d90-9082-6d85460bfae6', 'DB_TABLE', '2025-10-05 10:38:33+00', '2025-10-05 10:38:33+00', 'd6aa17c5-9d98-4763-8e32-d39b104a921d', 'c540f325-88ef-49ad-b2d7-ddad777ef735', 'public.orders', 'public.orders', NULL, 'd8022bed-3ad3-483b-adf3-880b34992412', NULL, 'food_delivery', 'food_delivery_db', false, false);
INSERT INTO public.datasets (uuid, type, created_at, updated_at, namespace_uuid, source_uuid, name, physical_name, description, current_version_uuid, last_modified_at, namespace_name, source_name, is_deleted, is_hidden) VALUES ('8928e75d-07a2-4837-80b8-e7b0b9827b52', 'DB_TABLE', '2025-10-05 10:38:33+00', '2025-10-05 10:38:33+00', 'd6aa17c5-9d98-4763-8e32-d39b104a921d', 'c540f325-88ef-49ad-b2d7-ddad777ef735', 'public.categories', 'public.categories', NULL, '225d33f0-8422-4e73-b20b-e1dd230f8cc6', NULL, 'food_delivery', 'food_delivery_db', false, false);
INSERT INTO public.datasets (uuid, type, created_at, updated_at, namespace_uuid, source_uuid, name, physical_name, description, current_version_uuid, last_modified_at, namespace_name, source_name, is_deleted, is_hidden) VALUES ('8664f9e0-e8e0-4cbb-8d1a-7e546f6e0f3c', 'DB_TABLE', '2025-10-05 10:38:33+00', '2025-10-05 10:38:33+00', 'd6aa17c5-9d98-4763-8e32-d39b104a921d', 'c540f325-88ef-49ad-b2d7-ddad777ef735', 'public.customers', 'public.customers', NULL, '16d5ecfe-2283-4c8c-a942-e451f5cda797', NULL, 'food_delivery', 'food_delivery_db', false, false);
INSERT INTO public.datasets (uuid, type, created_at, updated_at, namespace_uuid, source_uuid, name, physical_name, description, current_version_uuid, last_modified_at, namespace_name, source_name, is_deleted, is_hidden) VALUES ('a0b5b4ee-be79-4851-bac4-8cb4a51bdd99', 'DB_TABLE', '2025-10-05 10:38:33+00', '2025-10-05 10:38:33+00', 'd6aa17c5-9d98-4763-8e32-d39b104a921d', 'c540f325-88ef-49ad-b2d7-ddad777ef735', 'public.orders_7_days', 'public.orders_7_days', NULL, '7e03a5ca-e682-4afb-b637-722c3dd65151', NULL, 'food_delivery', 'food_delivery_db', false, false);
INSERT INTO public.datasets (uuid, type, created_at, updated_at, namespace_uuid, source_uuid, name, physical_name, description, current_version_uuid, last_modified_at, namespace_name, source_name, is_deleted, is_hidden) VALUES ('5d8a8f7f-ed35-4d4f-b9f4-c7f2fcbc5213', 'DB_TABLE', '2025-10-05 10:38:33+00', '2025-10-05 10:38:33+00', 'd6aa17c5-9d98-4763-8e32-d39b104a921d', 'c540f325-88ef-49ad-b2d7-ddad777ef735', 'public.order_status', 'public.order_status', NULL, 'c2507378-68b1-4b1e-b507-536214c6911a', NULL, 'food_delivery', 'food_delivery_db', false, false);
INSERT INTO public.datasets (uuid, type, created_at, updated_at, namespace_uuid, source_uuid, name, physical_name, description, current_version_uuid, last_modified_at, namespace_name, source_name, is_deleted, is_hidden) VALUES ('7d6a88dc-bd8f-4317-9f62-4ebe36c71133', 'DB_TABLE', '2025-10-05 10:38:33+00', '2025-10-05 10:38:33+00', 'd6aa17c5-9d98-4763-8e32-d39b104a921d', 'c540f325-88ef-49ad-b2d7-ddad777ef735', 'public.drivers', 'public.drivers', NULL, '0a03d2d8-6d03-47ac-92cd-6043ac8d41ea', NULL, 'food_delivery', 'food_delivery_db', false, false);
INSERT INTO public.datasets (uuid, type, created_at, updated_at, namespace_uuid, source_uuid, name, physical_name, description, current_version_uuid, last_modified_at, namespace_name, source_name, is_deleted, is_hidden) VALUES ('2a265120-ce71-4640-9a55-bc5dbfc1924f', 'DB_TABLE', '2025-10-05 10:38:33+00', '2025-10-05 10:38:33+00', 'd6aa17c5-9d98-4763-8e32-d39b104a921d', 'c540f325-88ef-49ad-b2d7-ddad777ef735', 'public.restaurants', 'public.restaurants', NULL, 'f8641f90-ff04-42b8-9c5f-1aecaaa954fc', NULL, 'food_delivery', 'food_delivery_db', false, false);
INSERT INTO public.datasets (uuid, type, created_at, updated_at, namespace_uuid, source_uuid, name, physical_name, description, current_version_uuid, last_modified_at, namespace_name, source_name, is_deleted, is_hidden) VALUES ('c1310e8f-76e1-4792-bf2d-823138dcf570', 'DB_TABLE', '2025-10-05 10:38:33+00', '2025-10-05 10:38:33+00', 'd6aa17c5-9d98-4763-8e32-d39b104a921d', 'c540f325-88ef-49ad-b2d7-ddad777ef735', 'public.delivery_7_days', 'public.delivery_7_days', NULL, '5cb4cd3c-6fa7-4789-9a87-ca85a97b2287', NULL, 'food_delivery', 'food_delivery_db', false, false);


ALTER TABLE public.datasets ENABLE TRIGGER ALL;

--
-- Data for Name: dataset_fields; Type: TABLE DATA; Schema: public; Owner: marquez
--

ALTER TABLE public.dataset_fields DISABLE TRIGGER ALL;

INSERT INTO public.dataset_fields (uuid, type, created_at, updated_at, dataset_uuid, name, description) VALUES ('61f56714-f28b-43d3-9f0a-f3a88949e875', 'INTEGER', '2025-10-05 09:40:49+00', '2025-10-05 10:38:33+00', '70fecfb6-731a-4952-ad94-c145fd39b6c4', 'id', 'The unique ID of the menu.');
INSERT INTO public.dataset_fields (uuid, type, created_at, updated_at, dataset_uuid, name, description) VALUES ('2d6c7804-957c-4f15-9f9f-bb7c2fc527a7', 'VARCHAR', '2025-10-05 09:40:49+00', '2025-10-05 10:38:33+00', '70fecfb6-731a-4952-ad94-c145fd39b6c4', 'name', 'The name of the menu.');
INSERT INTO public.dataset_fields (uuid, type, created_at, updated_at, dataset_uuid, name, description) VALUES ('52f160ac-01d7-4df5-8d8b-75033991e585', 'INTEGER', '2025-10-05 09:40:49+00', '2025-10-05 10:38:33+00', '70fecfb6-731a-4952-ad94-c145fd39b6c4', 'restaurant_id', 'The ID of the restaurant related to the menu.');
INSERT INTO public.dataset_fields (uuid, type, created_at, updated_at, dataset_uuid, name, description) VALUES ('5075d357-0c2b-4516-a123-0aaf4aa9f23d', 'TEXT', '2025-10-05 09:40:49+00', '2025-10-05 10:38:33+00', '70fecfb6-731a-4952-ad94-c145fd39b6c4', 'description', 'The description of the menu.');
INSERT INTO public.dataset_fields (uuid, type, created_at, updated_at, dataset_uuid, name, description) VALUES ('e12a510d-0944-49bb-9736-116a81f1c203', 'INTEGER', '2025-10-05 10:38:33+00', '2025-10-05 10:38:33+00', '8928e75d-07a2-4837-80b8-e7b0b9827b52', 'id', 'The unique ID of the category.');
INSERT INTO public.dataset_fields (uuid, type, created_at, updated_at, dataset_uuid, name, description) VALUES ('a8641326-41dd-4732-8808-fb2bf7cc1735', 'VARCHAR', '2025-10-05 10:38:33+00', '2025-10-05 10:38:33+00', '8928e75d-07a2-4837-80b8-e7b0b9827b52', 'name', 'The name of the category.');
INSERT INTO public.dataset_fields (uuid, type, created_at, updated_at, dataset_uuid, name, description) VALUES ('efecd926-e4db-4399-b0be-d24fa58a4be1', 'INTEGER', '2025-10-05 10:38:33+00', '2025-10-05 10:38:33+00', '8928e75d-07a2-4837-80b8-e7b0b9827b52', 'menu_id', 'The ID of the menu related to the category.');
INSERT INTO public.dataset_fields (uuid, type, created_at, updated_at, dataset_uuid, name, description) VALUES ('db834a1d-0291-4d02-a203-856fd04907ad', 'TEXT', '2025-10-05 10:38:33+00', '2025-10-05 10:38:33+00', '8928e75d-07a2-4837-80b8-e7b0b9827b52', 'description', 'The description of the category.');
INSERT INTO public.dataset_fields (uuid, type, created_at, updated_at, dataset_uuid, name, description) VALUES ('f675f74e-145d-45bc-977d-faf9556b07ed', 'INTEGER', '2025-10-05 10:38:33+00', '2025-10-05 10:38:33+00', '84e5ecdf-4681-4d6a-a1de-935ed0cf7e30', 'id', 'The ID of the menu item.');
INSERT INTO public.dataset_fields (uuid, type, created_at, updated_at, dataset_uuid, name, description) VALUES ('6ad7be31-b69f-4515-8a11-4766bf2b609f', 'VARCHAR', '2025-10-05 10:38:33+00', '2025-10-05 10:38:33+00', '84e5ecdf-4681-4d6a-a1de-935ed0cf7e30', 'name', 'The name of the menu item.');
INSERT INTO public.dataset_fields (uuid, type, created_at, updated_at, dataset_uuid, name, description) VALUES ('f60d070b-8b8e-41b0-b09a-73a304f505f3', 'VARCHAR', '2025-10-05 10:38:33+00', '2025-10-05 10:38:33+00', '84e5ecdf-4681-4d6a-a1de-935ed0cf7e30', 'price', 'The price of the menu item.');
INSERT INTO public.dataset_fields (uuid, type, created_at, updated_at, dataset_uuid, name, description) VALUES ('8bbc6f01-2520-4267-9d17-b2fe59779506', 'VARCHAR', '2025-10-05 10:38:33+00', '2025-10-05 10:38:33+00', '84e5ecdf-4681-4d6a-a1de-935ed0cf7e30', 'category_id', 'The ID of the category related to the item.');
INSERT INTO public.dataset_fields (uuid, type, created_at, updated_at, dataset_uuid, name, description) VALUES ('859a7c59-be79-4baa-8b5d-ffd362ef5c45', 'TEXT', '2025-10-05 10:38:33+00', '2025-10-05 10:38:33+00', '84e5ecdf-4681-4d6a-a1de-935ed0cf7e30', 'description', 'The description of the menu item.');
INSERT INTO public.dataset_fields (uuid, type, created_at, updated_at, dataset_uuid, name, description) VALUES ('9c2ee07c-3e32-4c2d-8630-23f64fece2cf', 'INTEGER', '2025-10-05 10:38:33+00', '2025-10-05 10:38:33+00', '21dae454-f4aa-4d90-9082-6d85460bfae6', 'id', 'The unique ID of the order.');
INSERT INTO public.dataset_fields (uuid, type, created_at, updated_at, dataset_uuid, name, description) VALUES ('9027da61-e045-4dc6-98bd-99fcce679a35', 'TIMESTAMP', '2025-10-05 10:38:33+00', '2025-10-05 10:38:33+00', '21dae454-f4aa-4d90-9082-6d85460bfae6', 'placed_on', 'An ISO-8601 timestamp representing the date/time the order was placed.');
INSERT INTO public.dataset_fields (uuid, type, created_at, updated_at, dataset_uuid, name, description) VALUES ('4a7cba9e-e2df-4657-b504-3614b111ac06', 'INTEGER', '2025-10-05 10:38:33+00', '2025-10-05 10:38:33+00', '21dae454-f4aa-4d90-9082-6d85460bfae6', 'menu_item_id', 'The ID of the menu item related to the order.');
INSERT INTO public.dataset_fields (uuid, type, created_at, updated_at, dataset_uuid, name, description) VALUES ('5df88856-43f3-4fcd-8bc0-609ce786d3f1', 'INTEGER', '2025-10-05 10:38:33+00', '2025-10-05 10:38:33+00', '21dae454-f4aa-4d90-9082-6d85460bfae6', 'quantity', 'The number of the item in the order.');
INSERT INTO public.dataset_fields (uuid, type, created_at, updated_at, dataset_uuid, name, description) VALUES ('6d379070-8899-45f5-ad61-e463d734d3cb', 'INTEGER', '2025-10-05 10:38:33+00', '2025-10-05 10:38:33+00', '21dae454-f4aa-4d90-9082-6d85460bfae6', 'discount_id', 'The unique ID of the discount applied to the order.');
INSERT INTO public.dataset_fields (uuid, type, created_at, updated_at, dataset_uuid, name, description) VALUES ('46f277b1-c163-4d6f-bfeb-b75f56884ef2', 'TEXT', '2025-10-05 10:38:33+00', '2025-10-05 10:38:33+00', '21dae454-f4aa-4d90-9082-6d85460bfae6', 'comment', 'The comment of the order.');
INSERT INTO public.dataset_fields (uuid, type, created_at, updated_at, dataset_uuid, name, description) VALUES ('4d898bde-c3ba-43f3-83ba-eee4e56e94c0', 'INTEGER', '2025-10-05 10:38:33+00', '2025-10-05 10:38:33+00', 'a0b5b4ee-be79-4851-bac4-8cb4a51bdd99', 'order_id', 'The ID of the order.');
INSERT INTO public.dataset_fields (uuid, type, created_at, updated_at, dataset_uuid, name, description) VALUES ('3bc3ee41-531a-4fd8-9b6c-920db082899e', 'TIMESTAMP', '2025-10-05 10:38:33+00', '2025-10-05 10:38:33+00', 'a0b5b4ee-be79-4851-bac4-8cb4a51bdd99', 'placed_on', 'An ISO-8601 timestamp representing the date/time the order was placed.');
INSERT INTO public.dataset_fields (uuid, type, created_at, updated_at, dataset_uuid, name, description) VALUES ('b30beef9-1996-4824-8af2-dd53d97ebc60', 'INTEGER', '2025-10-05 10:38:33+00', '2025-10-05 10:38:33+00', 'a0b5b4ee-be79-4851-bac4-8cb4a51bdd99', 'discount_id', 'The ID of the discount applied to the order.');
INSERT INTO public.dataset_fields (uuid, type, created_at, updated_at, dataset_uuid, name, description) VALUES ('5dab0bcc-d347-4147-abd4-9d0c6495133e', 'INTEGER', '2025-10-05 10:38:33+00', '2025-10-05 10:38:33+00', 'a0b5b4ee-be79-4851-bac4-8cb4a51bdd99', 'restaurant_id', 'The ID of the restaurant related to the order.');
INSERT INTO public.dataset_fields (uuid, type, created_at, updated_at, dataset_uuid, name, description) VALUES ('421ce85e-b153-41c5-97eb-295c9a93854d', 'INTEGER', '2025-10-05 10:38:33+00', '2025-10-05 10:38:33+00', 'a0b5b4ee-be79-4851-bac4-8cb4a51bdd99', 'menu_id', 'The ID of the menu related to the order.');
INSERT INTO public.dataset_fields (uuid, type, created_at, updated_at, dataset_uuid, name, description) VALUES ('52552716-fc0f-4fb6-8325-d69d5e210377', 'INTEGER', '2025-10-05 10:38:33+00', '2025-10-05 10:38:33+00', 'a0b5b4ee-be79-4851-bac4-8cb4a51bdd99', 'menu_item_id', 'The ID of the menu item related to the order.');
INSERT INTO public.dataset_fields (uuid, type, created_at, updated_at, dataset_uuid, name, description) VALUES ('473b7772-f060-449c-ba27-45b3cef037bc', 'INTEGER', '2025-10-05 10:38:33+00', '2025-10-05 10:38:33+00', 'a0b5b4ee-be79-4851-bac4-8cb4a51bdd99', 'category_id', 'The ID of category related to the order.');
INSERT INTO public.dataset_fields (uuid, type, created_at, updated_at, dataset_uuid, name, description) VALUES ('93b8d1e3-deb2-4d94-ab90-b0efc7c238df', 'INTEGER', '2025-10-05 10:38:33+00', '2025-10-05 10:38:33+00', '8664f9e0-e8e0-4cbb-8d1a-7e546f6e0f3c', 'id', 'The unique ID of the customer.');
INSERT INTO public.dataset_fields (uuid, type, created_at, updated_at, dataset_uuid, name, description) VALUES ('1d2eed8d-3936-414a-b219-21cc6b11a306', 'TIMESTAMP', '2025-10-05 10:38:33+00', '2025-10-05 10:38:33+00', '8664f9e0-e8e0-4cbb-8d1a-7e546f6e0f3c', 'created_at', 'An ISO-8601 timestamp representing the date/time the customer was created.');
INSERT INTO public.dataset_fields (uuid, type, created_at, updated_at, dataset_uuid, name, description) VALUES ('02d6b91c-72ba-4cd8-bc7d-07ae0a83113c', 'TIMESTAMP', '2025-10-05 10:38:33+00', '2025-10-05 10:38:33+00', '8664f9e0-e8e0-4cbb-8d1a-7e546f6e0f3c', 'updated_at', 'An ISO-8601 timestamp representing the date/time the customer was updated.');
INSERT INTO public.dataset_fields (uuid, type, created_at, updated_at, dataset_uuid, name, description) VALUES ('db3739e4-718d-45d1-bfb5-8df7071a6439', 'VARCHAR', '2025-10-05 10:38:33+00', '2025-10-05 10:38:33+00', '8664f9e0-e8e0-4cbb-8d1a-7e546f6e0f3c', 'name', 'The name of the customer.');
INSERT INTO public.dataset_fields (uuid, type, created_at, updated_at, dataset_uuid, name, description) VALUES ('65b7b5d8-ddd1-430b-8664-9f9d57af1672', 'VARCHAR', '2025-10-05 10:38:33+00', '2025-10-05 10:38:33+00', '8664f9e0-e8e0-4cbb-8d1a-7e546f6e0f3c', 'email', 'The email address of the customer.');
INSERT INTO public.dataset_fields (uuid, type, created_at, updated_at, dataset_uuid, name, description) VALUES ('115f6465-c6b1-4156-b2d6-d1203e7f7a9e', 'VARCHAR', '2025-10-05 10:38:33+00', '2025-10-05 10:38:33+00', '8664f9e0-e8e0-4cbb-8d1a-7e546f6e0f3c', 'address', 'The address of the customer.');
INSERT INTO public.dataset_fields (uuid, type, created_at, updated_at, dataset_uuid, name, description) VALUES ('d3618017-2fa5-44ba-ac5a-b14c827ac6de', 'VARCHAR', '2025-10-05 10:38:33+00', '2025-10-05 10:38:33+00', '8664f9e0-e8e0-4cbb-8d1a-7e546f6e0f3c', 'phone', 'The phone number of the customer.');
INSERT INTO public.dataset_fields (uuid, type, created_at, updated_at, dataset_uuid, name, description) VALUES ('39e924e4-00cc-485c-9085-7e385f036213', 'INTEGER', '2025-10-05 10:38:33+00', '2025-10-05 10:38:33+00', '8664f9e0-e8e0-4cbb-8d1a-7e546f6e0f3c', 'city_id', 'The ID of the city related to the customer.');
INSERT INTO public.dataset_fields (uuid, type, created_at, updated_at, dataset_uuid, name, description) VALUES ('ececfb61-d2eb-4ca7-8d62-833551cde268', 'INTEGER', '2025-10-05 10:38:33+00', '2025-10-05 10:38:33+00', '5d8a8f7f-ed35-4d4f-b9f4-c7f2fcbc5213', 'id', 'The unique ID of the order status.');
INSERT INTO public.dataset_fields (uuid, type, created_at, updated_at, dataset_uuid, name, description) VALUES ('1efc2db1-7a0f-41c5-b2c7-53f1527433f0', 'TIMESTAMP', '2025-10-05 10:38:33+00', '2025-10-05 10:38:33+00', '5d8a8f7f-ed35-4d4f-b9f4-c7f2fcbc5213', 'transitioned_at', 'An ISO-8601 timestamp representing the date/time the order status was transitioned.');
INSERT INTO public.dataset_fields (uuid, type, created_at, updated_at, dataset_uuid, name, description) VALUES ('2538d5b9-5a46-47b9-a744-34cce4f1b9fa', 'VARCHAR', '2025-10-05 10:38:33+00', '2025-10-05 10:38:33+00', '5d8a8f7f-ed35-4d4f-b9f4-c7f2fcbc5213', 'status', 'The status of the order.');
INSERT INTO public.dataset_fields (uuid, type, created_at, updated_at, dataset_uuid, name, description) VALUES ('d3d82c32-c75d-4813-b098-701e04cdfd5d', 'INTEGER', '2025-10-05 10:38:33+00', '2025-10-05 10:38:33+00', '5d8a8f7f-ed35-4d4f-b9f4-c7f2fcbc5213', 'order_id', 'The ID of the order related to the order status.');
INSERT INTO public.dataset_fields (uuid, type, created_at, updated_at, dataset_uuid, name, description) VALUES ('d8ac4852-45bb-477e-a648-53f017a19f83', 'INTEGER', '2025-10-05 10:38:33+00', '2025-10-05 10:38:33+00', '5d8a8f7f-ed35-4d4f-b9f4-c7f2fcbc5213', 'customer_id', 'The ID of the customer related to the order status.');
INSERT INTO public.dataset_fields (uuid, type, created_at, updated_at, dataset_uuid, name, description) VALUES ('c25fc7b9-b964-437f-a2a9-30d2adf3bc63', 'INTEGER', '2025-10-05 10:38:33+00', '2025-10-05 10:38:33+00', '5d8a8f7f-ed35-4d4f-b9f4-c7f2fcbc5213', 'restaurant_id', 'The ID of the restaurant related to the order status.');
INSERT INTO public.dataset_fields (uuid, type, created_at, updated_at, dataset_uuid, name, description) VALUES ('b3910518-893c-4319-83f9-616175ec54c5', 'INTEGER', '2025-10-05 10:38:33+00', '2025-10-05 10:38:33+00', '5d8a8f7f-ed35-4d4f-b9f4-c7f2fcbc5213', 'driver_id', 'The ID of the driver related to the order status.');
INSERT INTO public.dataset_fields (uuid, type, created_at, updated_at, dataset_uuid, name, description) VALUES ('bab52922-26a6-47ac-b8c9-6b159c816e4f', 'INTEGER', '2025-10-05 10:38:33+00', '2025-10-05 10:38:33+00', '7d6a88dc-bd8f-4317-9f62-4ebe36c71133', 'id', 'The unique ID of the driver.');
INSERT INTO public.dataset_fields (uuid, type, created_at, updated_at, dataset_uuid, name, description) VALUES ('202e6920-b9da-4fea-a630-fabe37d76d82', 'TIMESTAMP', '2025-10-05 10:38:33+00', '2025-10-05 10:38:33+00', '7d6a88dc-bd8f-4317-9f62-4ebe36c71133', 'created_at', 'An ISO-8601 timestamp representing the date/time the driver was created.');
INSERT INTO public.dataset_fields (uuid, type, created_at, updated_at, dataset_uuid, name, description) VALUES ('e401042c-168b-4f6b-8ba5-a922d63a8d3d', 'TIMESTAMP', '2025-10-05 10:38:33+00', '2025-10-05 10:38:33+00', '7d6a88dc-bd8f-4317-9f62-4ebe36c71133', 'updated_at', 'An ISO-8601 timestamp representing the date/time the driver was updated.');
INSERT INTO public.dataset_fields (uuid, type, created_at, updated_at, dataset_uuid, name, description) VALUES ('9810574f-e300-4394-8dfb-f39042d77c44', 'VARCHAR', '2025-10-05 10:38:33+00', '2025-10-05 10:38:33+00', '7d6a88dc-bd8f-4317-9f62-4ebe36c71133', 'name', 'The name of the driver.');
INSERT INTO public.dataset_fields (uuid, type, created_at, updated_at, dataset_uuid, name, description) VALUES ('adfd1414-8b38-4ba3-882e-8a94ccd3832e', 'VARCHAR', '2025-10-05 10:38:33+00', '2025-10-05 10:38:33+00', '7d6a88dc-bd8f-4317-9f62-4ebe36c71133', 'email', 'The email of the driver.');
INSERT INTO public.dataset_fields (uuid, type, created_at, updated_at, dataset_uuid, name, description) VALUES ('3b2ddebd-9107-41ac-87d3-d1ba1727fc04', 'VARCHAR', '2025-10-05 10:38:33+00', '2025-10-05 10:38:33+00', '7d6a88dc-bd8f-4317-9f62-4ebe36c71133', 'phone', 'The phone number of the driver.');
INSERT INTO public.dataset_fields (uuid, type, created_at, updated_at, dataset_uuid, name, description) VALUES ('6c9ba626-ac0a-4f41-ad85-ca77e8384e4e', 'VARCHAR', '2025-10-05 10:38:33+00', '2025-10-05 10:38:33+00', '7d6a88dc-bd8f-4317-9f62-4ebe36c71133', 'car_make', 'The make of the car.');
INSERT INTO public.dataset_fields (uuid, type, created_at, updated_at, dataset_uuid, name, description) VALUES ('cd608207-d7ae-4b53-8823-1aeb90211d45', 'VARCHAR', '2025-10-05 10:38:33+00', '2025-10-05 10:38:33+00', '7d6a88dc-bd8f-4317-9f62-4ebe36c71133', 'car_model', 'The model of the car.');
INSERT INTO public.dataset_fields (uuid, type, created_at, updated_at, dataset_uuid, name, description) VALUES ('75721c60-e7b6-4f65-ae7d-ea6792aa93c6', 'VARCHAR', '2025-10-05 10:38:33+00', '2025-10-05 10:38:33+00', '7d6a88dc-bd8f-4317-9f62-4ebe36c71133', 'car_year', 'The year of the car.');
INSERT INTO public.dataset_fields (uuid, type, created_at, updated_at, dataset_uuid, name, description) VALUES ('85f14c62-92a2-49ea-9e01-e7fc6fba06cc', 'VARCHAR', '2025-10-05 10:38:33+00', '2025-10-05 10:38:33+00', '7d6a88dc-bd8f-4317-9f62-4ebe36c71133', 'car_color', 'The color of the car.');
INSERT INTO public.dataset_fields (uuid, type, created_at, updated_at, dataset_uuid, name, description) VALUES ('f41fde92-e3ba-4e57-bcfa-a6221d9b6e87', 'VARCHAR', '2025-10-05 10:38:33+00', '2025-10-05 10:38:33+00', '7d6a88dc-bd8f-4317-9f62-4ebe36c71133', 'car_license_plate', 'The license plate number of the car.');
INSERT INTO public.dataset_fields (uuid, type, created_at, updated_at, dataset_uuid, name, description) VALUES ('3a391685-769d-4d51-bc6d-6de037cb308e', 'INTEGER', '2025-10-05 10:38:33+00', '2025-10-05 10:38:33+00', '2a265120-ce71-4640-9a55-bc5dbfc1924f', 'id', 'The unique ID of the restaurant.');
INSERT INTO public.dataset_fields (uuid, type, created_at, updated_at, dataset_uuid, name, description) VALUES ('fcfa44ff-1f37-4ec9-97fb-d7a4381ec379', 'TIMESTAMP', '2025-10-05 10:38:33+00', '2025-10-05 10:38:33+00', '2a265120-ce71-4640-9a55-bc5dbfc1924f', 'created_at', 'An ISO-8601 timestamp representing the date/time the restaurant was created.');
INSERT INTO public.dataset_fields (uuid, type, created_at, updated_at, dataset_uuid, name, description) VALUES ('a94127c5-04c1-4f45-b10d-8e43de208dc5', 'TIMESTAMP', '2025-10-05 10:38:33+00', '2025-10-05 10:38:33+00', '2a265120-ce71-4640-9a55-bc5dbfc1924f', 'updated_at', 'An ISO-8601 timestamp representing the date/time the restaurant was updated.');
INSERT INTO public.dataset_fields (uuid, type, created_at, updated_at, dataset_uuid, name, description) VALUES ('24bfe58f-28ea-4161-b795-227e6a8aa904', 'VARCHAR', '2025-10-05 10:38:33+00', '2025-10-05 10:38:33+00', '2a265120-ce71-4640-9a55-bc5dbfc1924f', 'name', 'The name of the restaurant.');
INSERT INTO public.dataset_fields (uuid, type, created_at, updated_at, dataset_uuid, name, description) VALUES ('9c0fcbd2-f8af-488f-9d1a-05627a1834f3', 'VARCHAR', '2025-10-05 10:38:33+00', '2025-10-05 10:38:33+00', '2a265120-ce71-4640-9a55-bc5dbfc1924f', 'email', 'The email address of the restaurant.');
INSERT INTO public.dataset_fields (uuid, type, created_at, updated_at, dataset_uuid, name, description) VALUES ('9058c1b1-e04f-4598-b31e-f2b5d828bb5f', 'VARCHAR', '2025-10-05 10:38:33+00', '2025-10-05 10:38:33+00', '2a265120-ce71-4640-9a55-bc5dbfc1924f', 'address', 'The address of the restaurant.');
INSERT INTO public.dataset_fields (uuid, type, created_at, updated_at, dataset_uuid, name, description) VALUES ('ac209d5a-c163-45c4-8fc5-1b8c8dfca97f', 'VARCHAR', '2025-10-05 10:38:33+00', '2025-10-05 10:38:33+00', '2a265120-ce71-4640-9a55-bc5dbfc1924f', 'phone', 'The phone number of the restaurant.');
INSERT INTO public.dataset_fields (uuid, type, created_at, updated_at, dataset_uuid, name, description) VALUES ('024a6730-3d2a-4f76-bc1d-107e2022ce6b', 'INTEGER', '2025-10-05 10:38:33+00', '2025-10-05 10:38:33+00', '2a265120-ce71-4640-9a55-bc5dbfc1924f', 'city_id', 'The ID of the city related to the restaurant.');
INSERT INTO public.dataset_fields (uuid, type, created_at, updated_at, dataset_uuid, name, description) VALUES ('a1da88dc-99c9-46dd-81fe-43f8b00a60f7', 'INTEGER', '2025-10-05 10:38:33+00', '2025-10-05 10:38:33+00', '2a265120-ce71-4640-9a55-bc5dbfc1924f', 'business_hours_id', 'The ID of the business hours related to the restaurant.');
INSERT INTO public.dataset_fields (uuid, type, created_at, updated_at, dataset_uuid, name, description) VALUES ('b29645c0-e08d-467d-8d24-8204b06712b7', 'TEXT', '2025-10-05 10:38:33+00', '2025-10-05 10:38:33+00', '2a265120-ce71-4640-9a55-bc5dbfc1924f', 'description', 'The description of the restaurant.');
INSERT INTO public.dataset_fields (uuid, type, created_at, updated_at, dataset_uuid, name, description) VALUES ('34059936-c074-414d-8da2-8158017a5ebe', 'INTEGER', '2025-10-05 10:38:33+00', '2025-10-05 10:38:33+00', 'c1310e8f-76e1-4792-bf2d-823138dcf570', 'order_id', 'The ID of the order.');
INSERT INTO public.dataset_fields (uuid, type, created_at, updated_at, dataset_uuid, name, description) VALUES ('f62118be-2539-460c-b5f7-5b6400b5b42d', 'TIMESTAMP', '2025-10-05 10:38:33+00', '2025-10-05 10:38:33+00', 'c1310e8f-76e1-4792-bf2d-823138dcf570', 'order_placed_on', 'An ISO-8601 timestamp representing the date/time the order was placed.');
INSERT INTO public.dataset_fields (uuid, type, created_at, updated_at, dataset_uuid, name, description) VALUES ('7db60d3e-6f78-4895-a4e0-5dcd18a2f1de', 'TIMESTAMP', '2025-10-05 10:38:33+00', '2025-10-05 10:38:33+00', 'c1310e8f-76e1-4792-bf2d-823138dcf570', 'order_dispatched_on', 'An ISO-8601 timestamp representing the date/time the order was dispatched.');
INSERT INTO public.dataset_fields (uuid, type, created_at, updated_at, dataset_uuid, name, description) VALUES ('810debaf-da48-4ee2-a147-d13c139d20bb', 'TIMESTAMP', '2025-10-05 10:38:33+00', '2025-10-05 10:38:33+00', 'c1310e8f-76e1-4792-bf2d-823138dcf570', 'order_delivered_on', 'An ISO-8601 timestamp representing the date/time the order was delivered.');
INSERT INTO public.dataset_fields (uuid, type, created_at, updated_at, dataset_uuid, name, description) VALUES ('cc59e703-8728-4a6b-90e1-5e29fcd46ef0', 'VARCHAR', '2025-10-05 10:38:33+00', '2025-10-05 10:38:33+00', 'c1310e8f-76e1-4792-bf2d-823138dcf570', 'customer_email', 'The email address of the customer.');
INSERT INTO public.dataset_fields (uuid, type, created_at, updated_at, dataset_uuid, name, description) VALUES ('a88b933f-ddb5-4bf3-b0b6-22b4d64cad2a', 'VARCHAR', '2025-10-05 10:38:33+00', '2025-10-05 10:38:33+00', 'c1310e8f-76e1-4792-bf2d-823138dcf570', 'customer_address', 'The physical address of the customer.');
INSERT INTO public.dataset_fields (uuid, type, created_at, updated_at, dataset_uuid, name, description) VALUES ('6e1a9f7f-d83a-49ca-898b-4c1adb1765d7', 'INTEGER', '2025-10-05 10:38:33+00', '2025-10-05 10:38:33+00', 'c1310e8f-76e1-4792-bf2d-823138dcf570', 'menu_id', 'The ID of the menu related to the order.');
INSERT INTO public.dataset_fields (uuid, type, created_at, updated_at, dataset_uuid, name, description) VALUES ('032d9c9a-5152-43a8-87a5-310173ceaabd', 'INTEGER', '2025-10-05 10:38:33+00', '2025-10-05 10:38:33+00', 'c1310e8f-76e1-4792-bf2d-823138dcf570', 'restaurant_id', 'The ID of the restaurant.');
INSERT INTO public.dataset_fields (uuid, type, created_at, updated_at, dataset_uuid, name, description) VALUES ('6bab818e-3068-45e7-98ee-515634bfc161', 'VARCHAR', '2025-10-05 10:38:33+00', '2025-10-05 10:38:33+00', 'c1310e8f-76e1-4792-bf2d-823138dcf570', 'restaurant_address', 'The physical address of the restaurant.');
INSERT INTO public.dataset_fields (uuid, type, created_at, updated_at, dataset_uuid, name, description) VALUES ('f9d62741-a0d0-4680-929d-95902e1c0d30', 'INTEGER', '2025-10-05 10:38:33+00', '2025-10-05 10:38:33+00', 'c1310e8f-76e1-4792-bf2d-823138dcf570', 'menu_item_id', 'The ID of the menu item related to the order.');
INSERT INTO public.dataset_fields (uuid, type, created_at, updated_at, dataset_uuid, name, description) VALUES ('18c2f1f7-d540-417f-ae05-68b0ea52c5c6', 'INTEGER', '2025-10-05 10:38:33+00', '2025-10-05 10:38:33+00', 'c1310e8f-76e1-4792-bf2d-823138dcf570', 'category_id', 'The ID of category related to the order.');
INSERT INTO public.dataset_fields (uuid, type, created_at, updated_at, dataset_uuid, name, description) VALUES ('25f5456e-769b-477c-b292-2add10b33f46', 'INTEGER', '2025-10-05 10:38:33+00', '2025-10-05 10:38:33+00', 'c1310e8f-76e1-4792-bf2d-823138dcf570', 'discount_id', 'The ID of the discount applied to the order');
INSERT INTO public.dataset_fields (uuid, type, created_at, updated_at, dataset_uuid, name, description) VALUES ('a32d7267-8a21-4903-9bc4-80fe666095bd', 'INTEGER', '2025-10-05 10:38:33+00', '2025-10-05 10:38:33+00', 'c1310e8f-76e1-4792-bf2d-823138dcf570', 'city_id', 'The ID of the city related to the order.');
INSERT INTO public.dataset_fields (uuid, type, created_at, updated_at, dataset_uuid, name, description) VALUES ('396efdd6-b72a-41e7-8797-5e0a04020555', 'INTEGER', '2025-10-05 10:38:33+00', '2025-10-05 10:38:33+00', 'c1310e8f-76e1-4792-bf2d-823138dcf570', 'driver_id', 'The ID of the driver related to the order.');
INSERT INTO public.dataset_fields (uuid, type, created_at, updated_at, dataset_uuid, name, description) VALUES ('74009ab7-68fd-486f-b49e-a69ed2a2c7b8', 'INTEGER', '2025-10-05 10:38:33+00', '2025-10-05 10:38:33+00', '974c691c-b523-451d-9a9a-c6daf27fa2f5', 'order_id', 'The ID of the order.');
INSERT INTO public.dataset_fields (uuid, type, created_at, updated_at, dataset_uuid, name, description) VALUES ('9b57cc4f-c2b6-4307-9911-83cac2dd09cc', 'TIMESTAMP', '2025-10-05 10:38:33+00', '2025-10-05 10:38:33+00', '974c691c-b523-451d-9a9a-c6daf27fa2f5', 'order_placed_on', 'An ISO-8601 timestamp representing the date/time the order was placed.');
INSERT INTO public.dataset_fields (uuid, type, created_at, updated_at, dataset_uuid, name, description) VALUES ('f5a6184f-079c-4c74-9fdb-8a5024e95269', 'TIMESTAMP', '2025-10-05 10:38:33+00', '2025-10-05 10:38:33+00', '974c691c-b523-451d-9a9a-c6daf27fa2f5', 'order_delivered_on', 'An ISO-8601 timestamp representing the date/time the order was delivered.');
INSERT INTO public.dataset_fields (uuid, type, created_at, updated_at, dataset_uuid, name, description) VALUES ('d959cdee-8837-457a-8429-309ac96a9159', 'TIMESTAMP', '2025-10-05 10:38:33+00', '2025-10-05 10:38:33+00', '974c691c-b523-451d-9a9a-c6daf27fa2f5', 'order_delivery_time', 'An ISO-8601 timestamp representing the total time of delivery.');
INSERT INTO public.dataset_fields (uuid, type, created_at, updated_at, dataset_uuid, name, description) VALUES ('b351bf91-e6e4-47c8-ba73-c82d45831640', 'VARCHAR', '2025-10-05 10:38:33+00', '2025-10-05 10:38:33+00', '974c691c-b523-451d-9a9a-c6daf27fa2f5', 'customer_email', 'The email address of the customer.');
INSERT INTO public.dataset_fields (uuid, type, created_at, updated_at, dataset_uuid, name, description) VALUES ('46c8b994-b803-4f0b-b93b-08462ec96d3f', 'INTEGER', '2025-10-05 10:38:33+00', '2025-10-05 10:38:33+00', '974c691c-b523-451d-9a9a-c6daf27fa2f5', 'restaurant_id', 'The ID of the restaurant related to the order.');
INSERT INTO public.dataset_fields (uuid, type, created_at, updated_at, dataset_uuid, name, description) VALUES ('60400b93-44b0-4168-8107-2d2780fec888', 'INTEGER', '2025-10-05 10:38:33+00', '2025-10-05 10:38:33+00', '974c691c-b523-451d-9a9a-c6daf27fa2f5', 'driver_id', 'The ID of the driver related to the order.');
INSERT INTO public.dataset_fields (uuid, type, created_at, updated_at, dataset_uuid, name, description) VALUES ('bd62809b-807f-48e6-92ba-cdd23454d164', 'INTEGER', '2025-10-05 10:38:33+00', '2025-10-05 10:38:33+00', '43abdbba-8614-4fd4-bbaa-80fbe5b6203a', 'id', 'The unique ID of the discount.');
INSERT INTO public.dataset_fields (uuid, type, created_at, updated_at, dataset_uuid, name, description) VALUES ('73d38a81-29b6-48b5-a9fe-1f159a741fa0', 'INTEGER', '2025-10-05 10:38:33+00', '2025-10-05 10:38:33+00', '43abdbba-8614-4fd4-bbaa-80fbe5b6203a', 'amount_off', 'The amount of the discount.');
INSERT INTO public.dataset_fields (uuid, type, created_at, updated_at, dataset_uuid, name, description) VALUES ('dea5c1e9-ffa2-403b-8da1-dfc6bfae9d47', 'VARCHAR', '2025-10-05 10:38:33+00', '2025-10-05 10:38:33+00', '43abdbba-8614-4fd4-bbaa-80fbe5b6203a', 'customer_email', 'The email address of the customer.');
INSERT INTO public.dataset_fields (uuid, type, created_at, updated_at, dataset_uuid, name, description) VALUES ('c6d1a1d4-14c2-4d27-a6d9-9eba34ea4bf5', 'TIMESTAMP', '2025-10-05 10:38:33+00', '2025-10-05 10:38:33+00', '43abdbba-8614-4fd4-bbaa-80fbe5b6203a', 'starts_on', 'An ISO-8601 timestamp representing the date/time the discount starts.');
INSERT INTO public.dataset_fields (uuid, type, created_at, updated_at, dataset_uuid, name, description) VALUES ('0d893b72-8cae-462c-943d-f3b4504720ad', 'TIMESTAMP', '2025-10-05 10:38:33+00', '2025-10-05 10:38:33+00', '43abdbba-8614-4fd4-bbaa-80fbe5b6203a', 'ends_on', 'An ISO-8601 timestamp representing the date/time the discount ends.');
INSERT INTO public.dataset_fields (uuid, type, created_at, updated_at, dataset_uuid, name, description) VALUES ('7bfb24f8-9df5-413d-920c-43942a9f4cd0', 'INTEGER', '2025-10-05 10:38:33+00', '2025-10-05 10:38:33+00', 'dbc2eeef-7b3c-4809-8cc5-b82c2dfa4b41', 'order_day_of_week', 'The day of week of the order.');
INSERT INTO public.dataset_fields (uuid, type, created_at, updated_at, dataset_uuid, name, description) VALUES ('386d9be5-84ce-4233-9d99-f10d02f8ea5e', 'TIMESTAMP', '2025-10-05 10:38:33+00', '2025-10-05 10:38:33+00', 'dbc2eeef-7b3c-4809-8cc5-b82c2dfa4b41', 'order_placed_on', 'An ISO-8601 timestamp representing the date/time the order was placed.');
INSERT INTO public.dataset_fields (uuid, type, created_at, updated_at, dataset_uuid, name, description) VALUES ('2d8af006-dc71-4860-a5c5-393e8f1b4f53', 'INTEGER', '2025-10-05 10:38:33+00', '2025-10-05 10:38:33+00', 'dbc2eeef-7b3c-4809-8cc5-b82c2dfa4b41', 'orders_placed', 'The number of orders placed on day of week.');


ALTER TABLE public.dataset_fields ENABLE TRIGGER ALL;

--
-- Data for Name: dataset_schema_versions; Type: TABLE DATA; Schema: public; Owner: marquez
--

ALTER TABLE public.dataset_schema_versions DISABLE TRIGGER ALL;

INSERT INTO public.dataset_schema_versions (uuid, dataset_uuid, created_at) VALUES ('e39005ba-2dae-3d53-943c-6a08522baf62', '70fecfb6-731a-4952-ad94-c145fd39b6c4', '2025-10-05 09:40:49+00');
INSERT INTO public.dataset_schema_versions (uuid, dataset_uuid, created_at) VALUES ('20761e4d-d2a8-3558-b596-6d108d7f5666', '8928e75d-07a2-4837-80b8-e7b0b9827b52', '2025-10-05 10:38:33+00');
INSERT INTO public.dataset_schema_versions (uuid, dataset_uuid, created_at) VALUES ('e96c79c1-11d9-3ab1-a0c1-014db678cec4', '84e5ecdf-4681-4d6a-a1de-935ed0cf7e30', '2025-10-05 10:38:33+00');
INSERT INTO public.dataset_schema_versions (uuid, dataset_uuid, created_at) VALUES ('0e21d473-fa59-32e2-903b-c7e18d25f0c6', '21dae454-f4aa-4d90-9082-6d85460bfae6', '2025-10-05 10:38:33+00');
INSERT INTO public.dataset_schema_versions (uuid, dataset_uuid, created_at) VALUES ('84564df0-9b1b-3d33-b316-c6cc8f8c85a5', 'a0b5b4ee-be79-4851-bac4-8cb4a51bdd99', '2025-10-05 10:38:33+00');
INSERT INTO public.dataset_schema_versions (uuid, dataset_uuid, created_at) VALUES ('2d17b78c-f8d3-3c2f-9364-f0fc7c93612a', '8664f9e0-e8e0-4cbb-8d1a-7e546f6e0f3c', '2025-10-05 10:38:33+00');
INSERT INTO public.dataset_schema_versions (uuid, dataset_uuid, created_at) VALUES ('73200978-b867-3edd-b2de-b98c38910bc6', '5d8a8f7f-ed35-4d4f-b9f4-c7f2fcbc5213', '2025-10-05 10:38:33+00');
INSERT INTO public.dataset_schema_versions (uuid, dataset_uuid, created_at) VALUES ('680ad94d-2e66-3c7d-ab9e-4df2351312f1', '7d6a88dc-bd8f-4317-9f62-4ebe36c71133', '2025-10-05 10:38:33+00');
INSERT INTO public.dataset_schema_versions (uuid, dataset_uuid, created_at) VALUES ('302539d2-8782-3f24-81e3-0d44df6fb99d', '2a265120-ce71-4640-9a55-bc5dbfc1924f', '2025-10-05 10:38:33+00');
INSERT INTO public.dataset_schema_versions (uuid, dataset_uuid, created_at) VALUES ('7c0ad963-774b-386c-8b7e-2730dda45d9c', 'c1310e8f-76e1-4792-bf2d-823138dcf570', '2025-10-05 10:38:33+00');
INSERT INTO public.dataset_schema_versions (uuid, dataset_uuid, created_at) VALUES ('0ca37048-88e1-3060-a6af-f3aa55550f43', '974c691c-b523-451d-9a9a-c6daf27fa2f5', '2025-10-05 10:38:33+00');
INSERT INTO public.dataset_schema_versions (uuid, dataset_uuid, created_at) VALUES ('239b9a8c-7986-39a4-a69f-87143941caf1', '43abdbba-8614-4fd4-bbaa-80fbe5b6203a', '2025-10-05 10:38:33+00');
INSERT INTO public.dataset_schema_versions (uuid, dataset_uuid, created_at) VALUES ('2f45bf78-05de-3ff6-a4be-219773c5445a', 'dbc2eeef-7b3c-4809-8cc5-b82c2dfa4b41', '2025-10-05 10:38:33+00');


ALTER TABLE public.dataset_schema_versions ENABLE TRIGGER ALL;

--
-- Data for Name: dataset_versions; Type: TABLE DATA; Schema: public; Owner: marquez
--

ALTER TABLE public.dataset_versions DISABLE TRIGGER ALL;

INSERT INTO public.dataset_versions (uuid, created_at, dataset_uuid, version, run_uuid, fields, namespace_name, dataset_name, lifecycle_state, dataset_schema_version_uuid) VALUES ('c09244dc-5c97-482d-9d86-bbdd7351357d', '2025-10-05 09:40:49+00', '70fecfb6-731a-4952-ad94-c145fd39b6c4', '54a67439-3426-3272-b825-c8dabc9da6c1', '4d3b8069-69b6-4708-ade0-3275112c9f04', '[{"name": "id", "tags": [], "type": "INTEGER", "description": "The unique ID of the menu."}, {"name": "name", "tags": [], "type": "VARCHAR", "description": "The name of the menu."}, {"name": "restaurant_id", "tags": [], "type": "INTEGER", "description": "The ID of the restaurant related to the menu."}, {"name": "description", "tags": [], "type": "TEXT", "description": "The description of the menu."}]', 'food_delivery', 'public.menus', '', 'e39005ba-2dae-3d53-943c-6a08522baf62');
INSERT INTO public.dataset_versions (uuid, created_at, dataset_uuid, version, run_uuid, fields, namespace_name, dataset_name, lifecycle_state, dataset_schema_version_uuid) VALUES ('225d33f0-8422-4e73-b20b-e1dd230f8cc6', '2025-10-05 10:38:33+00', '8928e75d-07a2-4837-80b8-e7b0b9827b52', '20a6093a-6edc-3c58-b3ec-43d0efc14035', '6f0c13a5-f29b-46a5-90c1-0ffbebbbd1aa', '[{"name": "id", "tags": [], "type": "INTEGER", "description": "The unique ID of the category."}, {"name": "name", "tags": [], "type": "VARCHAR", "description": "The name of the category."}, {"name": "menu_id", "tags": [], "type": "INTEGER", "description": "The ID of the menu related to the category."}, {"name": "description", "tags": [], "type": "TEXT", "description": "The description of the category."}]', 'food_delivery', 'public.categories', '', '20761e4d-d2a8-3558-b596-6d108d7f5666');
INSERT INTO public.dataset_versions (uuid, created_at, dataset_uuid, version, run_uuid, fields, namespace_name, dataset_name, lifecycle_state, dataset_schema_version_uuid) VALUES ('d24f7ddf-50bb-4d7d-9b9c-6efb21ff1e0f', '2025-10-05 10:38:33+00', '84e5ecdf-4681-4d6a-a1de-935ed0cf7e30', '88618612-23c0-3fe5-89e7-d939883a2f52', 'e05901b1-3a06-4b98-8d9c-aaf188c9a28c', '[{"name": "id", "tags": [], "type": "INTEGER", "description": "The ID of the menu item."}, {"name": "name", "tags": [], "type": "VARCHAR", "description": "The name of the menu item."}, {"name": "price", "tags": [], "type": "VARCHAR", "description": "The price of the menu item."}, {"name": "category_id", "tags": [], "type": "VARCHAR", "description": "The ID of the category related to the item."}, {"name": "description", "tags": [], "type": "TEXT", "description": "The description of the menu item."}]', 'food_delivery', 'public.menu_items', '', 'e96c79c1-11d9-3ab1-a0c1-014db678cec4');
INSERT INTO public.dataset_versions (uuid, created_at, dataset_uuid, version, run_uuid, fields, namespace_name, dataset_name, lifecycle_state, dataset_schema_version_uuid) VALUES ('d8022bed-3ad3-483b-adf3-880b34992412', '2025-10-05 10:38:33+00', '21dae454-f4aa-4d90-9082-6d85460bfae6', '1e3f9ed6-eea2-3ff4-83ab-4efa9dc87f1c', 'a43a8523-349f-4296-807f-3354ac491990', '[{"name": "id", "tags": [], "type": "INTEGER", "description": "The unique ID of the order."}, {"name": "placed_on", "tags": [], "type": "TIMESTAMP", "description": "An ISO-8601 timestamp representing the date/time the order was placed."}, {"name": "menu_item_id", "tags": [], "type": "INTEGER", "description": "The ID of the menu item related to the order."}, {"name": "quantity", "tags": [], "type": "INTEGER", "description": "The number of the item in the order."}, {"name": "discount_id", "tags": [], "type": "INTEGER", "description": "The unique ID of the discount applied to the order."}, {"name": "comment", "tags": [], "type": "TEXT", "description": "The comment of the order."}]', 'food_delivery', 'public.orders', '', '0e21d473-fa59-32e2-903b-c7e18d25f0c6');
INSERT INTO public.dataset_versions (uuid, created_at, dataset_uuid, version, run_uuid, fields, namespace_name, dataset_name, lifecycle_state, dataset_schema_version_uuid) VALUES ('7e03a5ca-e682-4afb-b637-722c3dd65151', '2025-10-05 10:38:33+00', 'a0b5b4ee-be79-4851-bac4-8cb4a51bdd99', 'd09633c4-4412-36de-bce6-8002c662e18a', 'ffba2c14-4170-48da-bec3-ab5fd4ec9a3f', '[{"name": "order_id", "tags": [], "type": "INTEGER", "description": "The ID of the order."}, {"name": "placed_on", "tags": [], "type": "TIMESTAMP", "description": "An ISO-8601 timestamp representing the date/time the order was placed."}, {"name": "discount_id", "tags": [], "type": "INTEGER", "description": "The ID of the discount applied to the order."}, {"name": "restaurant_id", "tags": [], "type": "INTEGER", "description": "The ID of the restaurant related to the order."}, {"name": "menu_id", "tags": [], "type": "INTEGER", "description": "The ID of the menu related to the order."}, {"name": "menu_item_id", "tags": [], "type": "INTEGER", "description": "The ID of the menu item related to the order."}, {"name": "category_id", "tags": [], "type": "INTEGER", "description": "The ID of category related to the order."}]', 'food_delivery', 'public.orders_7_days', '', '84564df0-9b1b-3d33-b316-c6cc8f8c85a5');
INSERT INTO public.dataset_versions (uuid, created_at, dataset_uuid, version, run_uuid, fields, namespace_name, dataset_name, lifecycle_state, dataset_schema_version_uuid) VALUES ('16d5ecfe-2283-4c8c-a942-e451f5cda797', '2025-10-05 10:38:33+00', '8664f9e0-e8e0-4cbb-8d1a-7e546f6e0f3c', '68c1e307-f6bb-36f9-8596-14609c7f022b', '182a9eaf-881a-4d49-860c-f7e260b8bf60', '[{"name": "id", "tags": [], "type": "INTEGER", "description": "The unique ID of the customer."}, {"name": "created_at", "tags": [], "type": "TIMESTAMP", "description": "An ISO-8601 timestamp representing the date/time the customer was created."}, {"name": "updated_at", "tags": [], "type": "TIMESTAMP", "description": "An ISO-8601 timestamp representing the date/time the customer was updated."}, {"name": "name", "tags": [], "type": "VARCHAR", "description": "The name of the customer."}, {"name": "email", "tags": [], "type": "VARCHAR", "description": "The email address of the customer."}, {"name": "address", "tags": [], "type": "VARCHAR", "description": "The address of the customer."}, {"name": "phone", "tags": [], "type": "VARCHAR", "description": "The phone number of the customer."}, {"name": "city_id", "tags": [], "type": "INTEGER", "description": "The ID of the city related to the customer."}]', 'food_delivery', 'public.customers', '', '2d17b78c-f8d3-3c2f-9364-f0fc7c93612a');
INSERT INTO public.dataset_versions (uuid, created_at, dataset_uuid, version, run_uuid, fields, namespace_name, dataset_name, lifecycle_state, dataset_schema_version_uuid) VALUES ('c2507378-68b1-4b1e-b507-536214c6911a', '2025-10-05 10:38:33+00', '5d8a8f7f-ed35-4d4f-b9f4-c7f2fcbc5213', '676ac323-c8e3-3cea-b172-b468827afb51', 'b7098939-87f0-4207-878f-dfd8e8804d8a', '[{"name": "id", "tags": [], "type": "INTEGER", "description": "The unique ID of the order status."}, {"name": "transitioned_at", "tags": [], "type": "TIMESTAMP", "description": "An ISO-8601 timestamp representing the date/time the order status was transitioned."}, {"name": "status", "tags": [], "type": "VARCHAR", "description": "The status of the order."}, {"name": "order_id", "tags": [], "type": "INTEGER", "description": "The ID of the order related to the order status."}, {"name": "customer_id", "tags": [], "type": "INTEGER", "description": "The ID of the customer related to the order status."}, {"name": "restaurant_id", "tags": [], "type": "INTEGER", "description": "The ID of the restaurant related to the order status."}, {"name": "driver_id", "tags": [], "type": "INTEGER", "description": "The ID of the driver related to the order status."}]', 'food_delivery', 'public.order_status', '', '73200978-b867-3edd-b2de-b98c38910bc6');
INSERT INTO public.dataset_versions (uuid, created_at, dataset_uuid, version, run_uuid, fields, namespace_name, dataset_name, lifecycle_state, dataset_schema_version_uuid) VALUES ('5cb4cd3c-6fa7-4789-9a87-ca85a97b2287', '2025-10-05 10:38:33+00', 'c1310e8f-76e1-4792-bf2d-823138dcf570', '6f8f52f5-0230-31ce-a138-08b79e671b33', 'd5a2a4c4-fc78-428d-ae85-08c942ed8371', '[{"name": "order_id", "tags": [], "type": "INTEGER", "description": "The ID of the order."}, {"name": "order_placed_on", "tags": [], "type": "TIMESTAMP", "description": "An ISO-8601 timestamp representing the date/time the order was placed."}, {"name": "order_dispatched_on", "tags": [], "type": "TIMESTAMP", "description": "An ISO-8601 timestamp representing the date/time the order was dispatched."}, {"name": "order_delivered_on", "tags": [], "type": "TIMESTAMP", "description": "An ISO-8601 timestamp representing the date/time the order was delivered."}, {"name": "customer_email", "tags": [], "type": "VARCHAR", "description": "The email address of the customer."}, {"name": "customer_address", "tags": [], "type": "VARCHAR", "description": "The physical address of the customer."}, {"name": "menu_id", "tags": [], "type": "INTEGER", "description": "The ID of the menu related to the order."}, {"name": "restaurant_id", "tags": [], "type": "INTEGER", "description": "The ID of the restaurant."}, {"name": "restaurant_address", "tags": [], "type": "VARCHAR", "description": "The physical address of the restaurant."}, {"name": "menu_item_id", "tags": [], "type": "INTEGER", "description": "The ID of the menu item related to the order."}, {"name": "category_id", "tags": [], "type": "INTEGER", "description": "The ID of category related to the order."}, {"name": "discount_id", "tags": [], "type": "INTEGER", "description": "The ID of the discount applied to the order"}, {"name": "city_id", "tags": [], "type": "INTEGER", "description": "The ID of the city related to the order."}, {"name": "driver_id", "tags": [], "type": "INTEGER", "description": "The ID of the driver related to the order."}]', 'food_delivery', 'public.delivery_7_days', '', '7c0ad963-774b-386c-8b7e-2730dda45d9c');
INSERT INTO public.dataset_versions (uuid, created_at, dataset_uuid, version, run_uuid, fields, namespace_name, dataset_name, lifecycle_state, dataset_schema_version_uuid) VALUES ('c5eb49ec-b6bf-4a18-ae9d-b659b4f1aac0', '2025-10-05 10:38:33+00', '974c691c-b523-451d-9a9a-c6daf27fa2f5', '18951d81-7201-38ca-a207-3f65c7552373', 'bd41a42a-bf18-4b74-9bb7-cd62637823d8', '[{"name": "order_id", "tags": [], "type": "INTEGER", "description": "The ID of the order."}, {"name": "order_placed_on", "tags": [], "type": "TIMESTAMP", "description": "An ISO-8601 timestamp representing the date/time the order was placed."}, {"name": "order_delivered_on", "tags": [], "type": "TIMESTAMP", "description": "An ISO-8601 timestamp representing the date/time the order was delivered."}, {"name": "order_delivery_time", "tags": [], "type": "TIMESTAMP", "description": "An ISO-8601 timestamp representing the total time of delivery."}, {"name": "customer_email", "tags": [], "type": "VARCHAR", "description": "The email address of the customer."}, {"name": "restaurant_id", "tags": [], "type": "INTEGER", "description": "The ID of the restaurant related to the order."}, {"name": "driver_id", "tags": [], "type": "INTEGER", "description": "The ID of the driver related to the order."}]', 'food_delivery', 'public.top_delivery_times', '', '0ca37048-88e1-3060-a6af-f3aa55550f43');
INSERT INTO public.dataset_versions (uuid, created_at, dataset_uuid, version, run_uuid, fields, namespace_name, dataset_name, lifecycle_state, dataset_schema_version_uuid) VALUES ('0a03d2d8-6d03-47ac-92cd-6043ac8d41ea', '2025-10-05 10:38:33+00', '7d6a88dc-bd8f-4317-9f62-4ebe36c71133', '93ae26cc-87d8-3eae-9cdd-f9b6fd71f1f7', '9f3db1c5-5e9a-4280-8184-18aca4592c77', '[{"name": "id", "tags": [], "type": "INTEGER", "description": "The unique ID of the driver."}, {"name": "created_at", "tags": [], "type": "TIMESTAMP", "description": "An ISO-8601 timestamp representing the date/time the driver was created."}, {"name": "updated_at", "tags": [], "type": "TIMESTAMP", "description": "An ISO-8601 timestamp representing the date/time the driver was updated."}, {"name": "name", "tags": [], "type": "VARCHAR", "description": "The name of the driver."}, {"name": "email", "tags": [], "type": "VARCHAR", "description": "The email of the driver."}, {"name": "phone", "tags": [], "type": "VARCHAR", "description": "The phone number of the driver."}, {"name": "car_make", "tags": [], "type": "VARCHAR", "description": "The make of the car."}, {"name": "car_model", "tags": [], "type": "VARCHAR", "description": "The model of the car."}, {"name": "car_year", "tags": [], "type": "VARCHAR", "description": "The year of the car."}, {"name": "car_color", "tags": [], "type": "VARCHAR", "description": "The color of the car."}, {"name": "car_license_plate", "tags": [], "type": "VARCHAR", "description": "The license plate number of the car."}]', 'food_delivery', 'public.drivers', '', '680ad94d-2e66-3c7d-ab9e-4df2351312f1');
INSERT INTO public.dataset_versions (uuid, created_at, dataset_uuid, version, run_uuid, fields, namespace_name, dataset_name, lifecycle_state, dataset_schema_version_uuid) VALUES ('f8641f90-ff04-42b8-9c5f-1aecaaa954fc', '2025-10-05 10:38:33+00', '2a265120-ce71-4640-9a55-bc5dbfc1924f', '4db26821-7966-390f-9cf9-ac775fe9182b', '8ddfb1d9-415f-4850-bcd6-01d02f011abe', '[{"name": "id", "tags": [], "type": "INTEGER", "description": "The unique ID of the restaurant."}, {"name": "created_at", "tags": [], "type": "TIMESTAMP", "description": "An ISO-8601 timestamp representing the date/time the restaurant was created."}, {"name": "updated_at", "tags": [], "type": "TIMESTAMP", "description": "An ISO-8601 timestamp representing the date/time the restaurant was updated."}, {"name": "name", "tags": [], "type": "VARCHAR", "description": "The name of the restaurant."}, {"name": "email", "tags": [], "type": "VARCHAR", "description": "The email address of the restaurant."}, {"name": "address", "tags": [], "type": "VARCHAR", "description": "The address of the restaurant."}, {"name": "phone", "tags": [], "type": "VARCHAR", "description": "The phone number of the restaurant."}, {"name": "city_id", "tags": [], "type": "INTEGER", "description": "The ID of the city related to the restaurant."}, {"name": "business_hours_id", "tags": [], "type": "INTEGER", "description": "The ID of the business hours related to the restaurant."}, {"name": "description", "tags": [], "type": "TEXT", "description": "The description of the restaurant."}]', 'food_delivery', 'public.restaurants', '', '302539d2-8782-3f24-81e3-0d44df6fb99d');
INSERT INTO public.dataset_versions (uuid, created_at, dataset_uuid, version, run_uuid, fields, namespace_name, dataset_name, lifecycle_state, dataset_schema_version_uuid) VALUES ('e2e4b1bf-1801-491a-b4a9-d7cb18bf198a', '2025-10-05 10:38:33+00', '43abdbba-8614-4fd4-bbaa-80fbe5b6203a', 'e03ba3e0-c58a-396d-a23f-87afd248406d', 'bd41a42a-bf18-4b74-9bb7-cd62637823d8', '[{"name": "id", "tags": [], "type": "INTEGER", "description": "The unique ID of the discount."}, {"name": "amount_off", "tags": [], "type": "INTEGER", "description": "The amount of the discount."}, {"name": "customer_email", "tags": [], "type": "VARCHAR", "description": "The email address of the customer."}, {"name": "starts_on", "tags": [], "type": "TIMESTAMP", "description": "An ISO-8601 timestamp representing the date/time the discount starts."}, {"name": "ends_on", "tags": [], "type": "TIMESTAMP", "description": "An ISO-8601 timestamp representing the date/time the discount ends."}]', 'food_delivery', 'public.discounts', '', '239b9a8c-7986-39a4-a69f-87143941caf1');
INSERT INTO public.dataset_versions (uuid, created_at, dataset_uuid, version, run_uuid, fields, namespace_name, dataset_name, lifecycle_state, dataset_schema_version_uuid) VALUES ('075c9ceb-f73d-4fcf-812b-cee8fa0f1358', '2025-10-05 10:38:33+00', 'dbc2eeef-7b3c-4809-8cc5-b82c2dfa4b41', '19d87433-70be-3ed6-b7a1-448bc3fd197d', 'adc8507c-595e-4d76-9dac-be2bf0ffe1ee', '[{"name": "order_day_of_week", "tags": [], "type": "INTEGER", "description": "The day of week of the order."}, {"name": "order_placed_on", "tags": [], "type": "TIMESTAMP", "description": "An ISO-8601 timestamp representing the date/time the order was placed."}, {"name": "orders_placed", "tags": [], "type": "INTEGER", "description": "The number of orders placed on day of week."}]', 'food_delivery', 'public.popular_orders_day_of_week', '', '2f45bf78-05de-3ff6-a4be-219773c5445a');


ALTER TABLE public.dataset_versions ENABLE TRIGGER ALL;

--
-- Data for Name: column_lineage; Type: TABLE DATA; Schema: public; Owner: marquez
--

ALTER TABLE public.column_lineage DISABLE TRIGGER ALL;

INSERT INTO public.column_lineage (output_dataset_version_uuid, output_dataset_field_uuid, input_dataset_version_uuid, input_dataset_field_uuid, transformation_description, transformation_type, created_at, updated_at) VALUES ('7e03a5ca-e682-4afb-b637-722c3dd65151', '4d898bde-c3ba-43f3-83ba-eee4e56e94c0', 'd8022bed-3ad3-483b-adf3-880b34992412', '9c2ee07c-3e32-4c2d-8630-23f64fece2cf', NULL, NULL, '2025-10-05 10:38:33', '2025-10-05 10:38:33');
INSERT INTO public.column_lineage (output_dataset_version_uuid, output_dataset_field_uuid, input_dataset_version_uuid, input_dataset_field_uuid, transformation_description, transformation_type, created_at, updated_at) VALUES ('7e03a5ca-e682-4afb-b637-722c3dd65151', '3bc3ee41-531a-4fd8-9b6c-920db082899e', 'd8022bed-3ad3-483b-adf3-880b34992412', '9027da61-e045-4dc6-98bd-99fcce679a35', NULL, NULL, '2025-10-05 10:38:33', '2025-10-05 10:38:33');
INSERT INTO public.column_lineage (output_dataset_version_uuid, output_dataset_field_uuid, input_dataset_version_uuid, input_dataset_field_uuid, transformation_description, transformation_type, created_at, updated_at) VALUES ('7e03a5ca-e682-4afb-b637-722c3dd65151', 'b30beef9-1996-4824-8af2-dd53d97ebc60', 'd8022bed-3ad3-483b-adf3-880b34992412', '6d379070-8899-45f5-ad61-e463d734d3cb', NULL, NULL, '2025-10-05 10:38:33', '2025-10-05 10:38:33');
INSERT INTO public.column_lineage (output_dataset_version_uuid, output_dataset_field_uuid, input_dataset_version_uuid, input_dataset_field_uuid, transformation_description, transformation_type, created_at, updated_at) VALUES ('7e03a5ca-e682-4afb-b637-722c3dd65151', '5dab0bcc-d347-4147-abd4-9d0c6495133e', 'c09244dc-5c97-482d-9d86-bbdd7351357d', '52f160ac-01d7-4df5-8d8b-75033991e585', NULL, NULL, '2025-10-05 10:38:33', '2025-10-05 10:38:33');
INSERT INTO public.column_lineage (output_dataset_version_uuid, output_dataset_field_uuid, input_dataset_version_uuid, input_dataset_field_uuid, transformation_description, transformation_type, created_at, updated_at) VALUES ('7e03a5ca-e682-4afb-b637-722c3dd65151', '421ce85e-b153-41c5-97eb-295c9a93854d', 'c09244dc-5c97-482d-9d86-bbdd7351357d', '61f56714-f28b-43d3-9f0a-f3a88949e875', NULL, NULL, '2025-10-05 10:38:33', '2025-10-05 10:38:33');
INSERT INTO public.column_lineage (output_dataset_version_uuid, output_dataset_field_uuid, input_dataset_version_uuid, input_dataset_field_uuid, transformation_description, transformation_type, created_at, updated_at) VALUES ('7e03a5ca-e682-4afb-b637-722c3dd65151', '421ce85e-b153-41c5-97eb-295c9a93854d', '225d33f0-8422-4e73-b20b-e1dd230f8cc6', 'efecd926-e4db-4399-b0be-d24fa58a4be1', NULL, NULL, '2025-10-05 10:38:33', '2025-10-05 10:38:33');
INSERT INTO public.column_lineage (output_dataset_version_uuid, output_dataset_field_uuid, input_dataset_version_uuid, input_dataset_field_uuid, transformation_description, transformation_type, created_at, updated_at) VALUES ('7e03a5ca-e682-4afb-b637-722c3dd65151', '52552716-fc0f-4fb6-8325-d69d5e210377', 'd24f7ddf-50bb-4d7d-9b9c-6efb21ff1e0f', 'f675f74e-145d-45bc-977d-faf9556b07ed', NULL, NULL, '2025-10-05 10:38:33', '2025-10-05 10:38:33');
INSERT INTO public.column_lineage (output_dataset_version_uuid, output_dataset_field_uuid, input_dataset_version_uuid, input_dataset_field_uuid, transformation_description, transformation_type, created_at, updated_at) VALUES ('7e03a5ca-e682-4afb-b637-722c3dd65151', '52552716-fc0f-4fb6-8325-d69d5e210377', 'd8022bed-3ad3-483b-adf3-880b34992412', '4a7cba9e-e2df-4657-b504-3614b111ac06', NULL, NULL, '2025-10-05 10:38:33', '2025-10-05 10:38:33');
INSERT INTO public.column_lineage (output_dataset_version_uuid, output_dataset_field_uuid, input_dataset_version_uuid, input_dataset_field_uuid, transformation_description, transformation_type, created_at, updated_at) VALUES ('7e03a5ca-e682-4afb-b637-722c3dd65151', '473b7772-f060-449c-ba27-45b3cef037bc', '225d33f0-8422-4e73-b20b-e1dd230f8cc6', 'e12a510d-0944-49bb-9736-116a81f1c203', NULL, NULL, '2025-10-05 10:38:33', '2025-10-05 10:38:33');
INSERT INTO public.column_lineage (output_dataset_version_uuid, output_dataset_field_uuid, input_dataset_version_uuid, input_dataset_field_uuid, transformation_description, transformation_type, created_at, updated_at) VALUES ('7e03a5ca-e682-4afb-b637-722c3dd65151', '473b7772-f060-449c-ba27-45b3cef037bc', 'd24f7ddf-50bb-4d7d-9b9c-6efb21ff1e0f', '8bbc6f01-2520-4267-9d17-b2fe59779506', NULL, NULL, '2025-10-05 10:38:33', '2025-10-05 10:38:33');
INSERT INTO public.column_lineage (output_dataset_version_uuid, output_dataset_field_uuid, input_dataset_version_uuid, input_dataset_field_uuid, transformation_description, transformation_type, created_at, updated_at) VALUES ('5cb4cd3c-6fa7-4789-9a87-ca85a97b2287', '34059936-c074-414d-8da2-8158017a5ebe', '7e03a5ca-e682-4afb-b637-722c3dd65151', '4d898bde-c3ba-43f3-83ba-eee4e56e94c0', NULL, NULL, '2025-10-05 10:38:33', '2025-10-05 10:38:33');
INSERT INTO public.column_lineage (output_dataset_version_uuid, output_dataset_field_uuid, input_dataset_version_uuid, input_dataset_field_uuid, transformation_description, transformation_type, created_at, updated_at) VALUES ('5cb4cd3c-6fa7-4789-9a87-ca85a97b2287', '34059936-c074-414d-8da2-8158017a5ebe', 'c2507378-68b1-4b1e-b507-536214c6911a', 'd3d82c32-c75d-4813-b098-701e04cdfd5d', NULL, NULL, '2025-10-05 10:38:33', '2025-10-05 10:38:33');
INSERT INTO public.column_lineage (output_dataset_version_uuid, output_dataset_field_uuid, input_dataset_version_uuid, input_dataset_field_uuid, transformation_description, transformation_type, created_at, updated_at) VALUES ('5cb4cd3c-6fa7-4789-9a87-ca85a97b2287', 'f62118be-2539-460c-b5f7-5b6400b5b42d', '7e03a5ca-e682-4afb-b637-722c3dd65151', '3bc3ee41-531a-4fd8-9b6c-920db082899e', NULL, NULL, '2025-10-05 10:38:33', '2025-10-05 10:38:33');
INSERT INTO public.column_lineage (output_dataset_version_uuid, output_dataset_field_uuid, input_dataset_version_uuid, input_dataset_field_uuid, transformation_description, transformation_type, created_at, updated_at) VALUES ('5cb4cd3c-6fa7-4789-9a87-ca85a97b2287', '7db60d3e-6f78-4895-a4e0-5dcd18a2f1de', 'c2507378-68b1-4b1e-b507-536214c6911a', '1efc2db1-7a0f-41c5-b2c7-53f1527433f0', NULL, NULL, '2025-10-05 10:38:33', '2025-10-05 10:38:33');
INSERT INTO public.column_lineage (output_dataset_version_uuid, output_dataset_field_uuid, input_dataset_version_uuid, input_dataset_field_uuid, transformation_description, transformation_type, created_at, updated_at) VALUES ('5cb4cd3c-6fa7-4789-9a87-ca85a97b2287', '810debaf-da48-4ee2-a147-d13c139d20bb', 'c2507378-68b1-4b1e-b507-536214c6911a', '1efc2db1-7a0f-41c5-b2c7-53f1527433f0', NULL, NULL, '2025-10-05 10:38:33', '2025-10-05 10:38:33');
INSERT INTO public.column_lineage (output_dataset_version_uuid, output_dataset_field_uuid, input_dataset_version_uuid, input_dataset_field_uuid, transformation_description, transformation_type, created_at, updated_at) VALUES ('5cb4cd3c-6fa7-4789-9a87-ca85a97b2287', 'cc59e703-8728-4a6b-90e1-5e29fcd46ef0', '16d5ecfe-2283-4c8c-a942-e451f5cda797', '65b7b5d8-ddd1-430b-8664-9f9d57af1672', NULL, NULL, '2025-10-05 10:38:33', '2025-10-05 10:38:33');
INSERT INTO public.column_lineage (output_dataset_version_uuid, output_dataset_field_uuid, input_dataset_version_uuid, input_dataset_field_uuid, transformation_description, transformation_type, created_at, updated_at) VALUES ('5cb4cd3c-6fa7-4789-9a87-ca85a97b2287', 'a88b933f-ddb5-4bf3-b0b6-22b4d64cad2a', '16d5ecfe-2283-4c8c-a942-e451f5cda797', '115f6465-c6b1-4156-b2d6-d1203e7f7a9e', NULL, NULL, '2025-10-05 10:38:33', '2025-10-05 10:38:33');
INSERT INTO public.column_lineage (output_dataset_version_uuid, output_dataset_field_uuid, input_dataset_version_uuid, input_dataset_field_uuid, transformation_description, transformation_type, created_at, updated_at) VALUES ('5cb4cd3c-6fa7-4789-9a87-ca85a97b2287', '25f5456e-769b-477c-b292-2add10b33f46', '7e03a5ca-e682-4afb-b637-722c3dd65151', 'b30beef9-1996-4824-8af2-dd53d97ebc60', NULL, NULL, '2025-10-05 10:38:33', '2025-10-05 10:38:33');
INSERT INTO public.column_lineage (output_dataset_version_uuid, output_dataset_field_uuid, input_dataset_version_uuid, input_dataset_field_uuid, transformation_description, transformation_type, created_at, updated_at) VALUES ('5cb4cd3c-6fa7-4789-9a87-ca85a97b2287', '6e1a9f7f-d83a-49ca-898b-4c1adb1765d7', '7e03a5ca-e682-4afb-b637-722c3dd65151', '421ce85e-b153-41c5-97eb-295c9a93854d', NULL, NULL, '2025-10-05 10:38:33', '2025-10-05 10:38:33');
INSERT INTO public.column_lineage (output_dataset_version_uuid, output_dataset_field_uuid, input_dataset_version_uuid, input_dataset_field_uuid, transformation_description, transformation_type, created_at, updated_at) VALUES ('5cb4cd3c-6fa7-4789-9a87-ca85a97b2287', '032d9c9a-5152-43a8-87a5-310173ceaabd', '7e03a5ca-e682-4afb-b637-722c3dd65151', '5dab0bcc-d347-4147-abd4-9d0c6495133e', NULL, NULL, '2025-10-05 10:38:33', '2025-10-05 10:38:33');
INSERT INTO public.column_lineage (output_dataset_version_uuid, output_dataset_field_uuid, input_dataset_version_uuid, input_dataset_field_uuid, transformation_description, transformation_type, created_at, updated_at) VALUES ('5cb4cd3c-6fa7-4789-9a87-ca85a97b2287', '032d9c9a-5152-43a8-87a5-310173ceaabd', 'f8641f90-ff04-42b8-9c5f-1aecaaa954fc', '3a391685-769d-4d51-bc6d-6de037cb308e', NULL, NULL, '2025-10-05 10:38:33', '2025-10-05 10:38:33');
INSERT INTO public.column_lineage (output_dataset_version_uuid, output_dataset_field_uuid, input_dataset_version_uuid, input_dataset_field_uuid, transformation_description, transformation_type, created_at, updated_at) VALUES ('5cb4cd3c-6fa7-4789-9a87-ca85a97b2287', '6bab818e-3068-45e7-98ee-515634bfc161', 'f8641f90-ff04-42b8-9c5f-1aecaaa954fc', '9058c1b1-e04f-4598-b31e-f2b5d828bb5f', NULL, NULL, '2025-10-05 10:38:33', '2025-10-05 10:38:33');
INSERT INTO public.column_lineage (output_dataset_version_uuid, output_dataset_field_uuid, input_dataset_version_uuid, input_dataset_field_uuid, transformation_description, transformation_type, created_at, updated_at) VALUES ('5cb4cd3c-6fa7-4789-9a87-ca85a97b2287', '396efdd6-b72a-41e7-8797-5e0a04020555', 'c2507378-68b1-4b1e-b507-536214c6911a', 'b3910518-893c-4319-83f9-616175ec54c5', NULL, NULL, '2025-10-05 10:38:33', '2025-10-05 10:38:33');
INSERT INTO public.column_lineage (output_dataset_version_uuid, output_dataset_field_uuid, input_dataset_version_uuid, input_dataset_field_uuid, transformation_description, transformation_type, created_at, updated_at) VALUES ('5cb4cd3c-6fa7-4789-9a87-ca85a97b2287', '396efdd6-b72a-41e7-8797-5e0a04020555', '0a03d2d8-6d03-47ac-92cd-6043ac8d41ea', 'bab52922-26a6-47ac-b8c9-6b159c816e4f', NULL, NULL, '2025-10-05 10:38:33', '2025-10-05 10:38:33');
INSERT INTO public.column_lineage (output_dataset_version_uuid, output_dataset_field_uuid, input_dataset_version_uuid, input_dataset_field_uuid, transformation_description, transformation_type, created_at, updated_at) VALUES ('c5eb49ec-b6bf-4a18-ae9d-b659b4f1aac0', '74009ab7-68fd-486f-b49e-a69ed2a2c7b8', '5cb4cd3c-6fa7-4789-9a87-ca85a97b2287', '34059936-c074-414d-8da2-8158017a5ebe', NULL, NULL, '2025-10-05 10:38:33', '2025-10-05 10:38:33');
INSERT INTO public.column_lineage (output_dataset_version_uuid, output_dataset_field_uuid, input_dataset_version_uuid, input_dataset_field_uuid, transformation_description, transformation_type, created_at, updated_at) VALUES ('c5eb49ec-b6bf-4a18-ae9d-b659b4f1aac0', '9b57cc4f-c2b6-4307-9911-83cac2dd09cc', '5cb4cd3c-6fa7-4789-9a87-ca85a97b2287', 'f62118be-2539-460c-b5f7-5b6400b5b42d', NULL, NULL, '2025-10-05 10:38:33', '2025-10-05 10:38:33');
INSERT INTO public.column_lineage (output_dataset_version_uuid, output_dataset_field_uuid, input_dataset_version_uuid, input_dataset_field_uuid, transformation_description, transformation_type, created_at, updated_at) VALUES ('c5eb49ec-b6bf-4a18-ae9d-b659b4f1aac0', 'f5a6184f-079c-4c74-9fdb-8a5024e95269', '5cb4cd3c-6fa7-4789-9a87-ca85a97b2287', '810debaf-da48-4ee2-a147-d13c139d20bb', NULL, NULL, '2025-10-05 10:38:33', '2025-10-05 10:38:33');
INSERT INTO public.column_lineage (output_dataset_version_uuid, output_dataset_field_uuid, input_dataset_version_uuid, input_dataset_field_uuid, transformation_description, transformation_type, created_at, updated_at) VALUES ('c5eb49ec-b6bf-4a18-ae9d-b659b4f1aac0', 'd959cdee-8837-457a-8429-309ac96a9159', '5cb4cd3c-6fa7-4789-9a87-ca85a97b2287', '810debaf-da48-4ee2-a147-d13c139d20bb', NULL, NULL, '2025-10-05 10:38:33', '2025-10-05 10:38:33');
INSERT INTO public.column_lineage (output_dataset_version_uuid, output_dataset_field_uuid, input_dataset_version_uuid, input_dataset_field_uuid, transformation_description, transformation_type, created_at, updated_at) VALUES ('c5eb49ec-b6bf-4a18-ae9d-b659b4f1aac0', 'd959cdee-8837-457a-8429-309ac96a9159', '5cb4cd3c-6fa7-4789-9a87-ca85a97b2287', 'f62118be-2539-460c-b5f7-5b6400b5b42d', NULL, NULL, '2025-10-05 10:38:33', '2025-10-05 10:38:33');
INSERT INTO public.column_lineage (output_dataset_version_uuid, output_dataset_field_uuid, input_dataset_version_uuid, input_dataset_field_uuid, transformation_description, transformation_type, created_at, updated_at) VALUES ('c5eb49ec-b6bf-4a18-ae9d-b659b4f1aac0', 'b351bf91-e6e4-47c8-ba73-c82d45831640', '5cb4cd3c-6fa7-4789-9a87-ca85a97b2287', 'cc59e703-8728-4a6b-90e1-5e29fcd46ef0', NULL, NULL, '2025-10-05 10:38:33', '2025-10-05 10:38:33');
INSERT INTO public.column_lineage (output_dataset_version_uuid, output_dataset_field_uuid, input_dataset_version_uuid, input_dataset_field_uuid, transformation_description, transformation_type, created_at, updated_at) VALUES ('c5eb49ec-b6bf-4a18-ae9d-b659b4f1aac0', '46c8b994-b803-4f0b-b93b-08462ec96d3f', '5cb4cd3c-6fa7-4789-9a87-ca85a97b2287', '032d9c9a-5152-43a8-87a5-310173ceaabd', NULL, NULL, '2025-10-05 10:38:33', '2025-10-05 10:38:33');
INSERT INTO public.column_lineage (output_dataset_version_uuid, output_dataset_field_uuid, input_dataset_version_uuid, input_dataset_field_uuid, transformation_description, transformation_type, created_at, updated_at) VALUES ('c5eb49ec-b6bf-4a18-ae9d-b659b4f1aac0', '60400b93-44b0-4168-8107-2d2780fec888', '5cb4cd3c-6fa7-4789-9a87-ca85a97b2287', '396efdd6-b72a-41e7-8797-5e0a04020555', NULL, NULL, '2025-10-05 10:38:33', '2025-10-05 10:38:33');
INSERT INTO public.column_lineage (output_dataset_version_uuid, output_dataset_field_uuid, input_dataset_version_uuid, input_dataset_field_uuid, transformation_description, transformation_type, created_at, updated_at) VALUES ('e2e4b1bf-1801-491a-b4a9-d7cb18bf198a', '73d38a81-29b6-48b5-a9fe-1f159a741fa0', '5cb4cd3c-6fa7-4789-9a87-ca85a97b2287', '810debaf-da48-4ee2-a147-d13c139d20bb', NULL, NULL, '2025-10-05 10:38:33', '2025-10-05 10:38:33');
INSERT INTO public.column_lineage (output_dataset_version_uuid, output_dataset_field_uuid, input_dataset_version_uuid, input_dataset_field_uuid, transformation_description, transformation_type, created_at, updated_at) VALUES ('e2e4b1bf-1801-491a-b4a9-d7cb18bf198a', '73d38a81-29b6-48b5-a9fe-1f159a741fa0', '5cb4cd3c-6fa7-4789-9a87-ca85a97b2287', 'f62118be-2539-460c-b5f7-5b6400b5b42d', NULL, NULL, '2025-10-05 10:38:33', '2025-10-05 10:38:33');
INSERT INTO public.column_lineage (output_dataset_version_uuid, output_dataset_field_uuid, input_dataset_version_uuid, input_dataset_field_uuid, transformation_description, transformation_type, created_at, updated_at) VALUES ('e2e4b1bf-1801-491a-b4a9-d7cb18bf198a', 'dea5c1e9-ffa2-403b-8da1-dfc6bfae9d47', '5cb4cd3c-6fa7-4789-9a87-ca85a97b2287', 'cc59e703-8728-4a6b-90e1-5e29fcd46ef0', NULL, NULL, '2025-10-05 10:38:33', '2025-10-05 10:38:33');
INSERT INTO public.column_lineage (output_dataset_version_uuid, output_dataset_field_uuid, input_dataset_version_uuid, input_dataset_field_uuid, transformation_description, transformation_type, created_at, updated_at) VALUES ('075c9ceb-f73d-4fcf-812b-cee8fa0f1358', '7bfb24f8-9df5-413d-920c-43942a9f4cd0', 'c5eb49ec-b6bf-4a18-ae9d-b659b4f1aac0', '9b57cc4f-c2b6-4307-9911-83cac2dd09cc', NULL, NULL, '2025-10-05 10:38:33', '2025-10-05 10:38:33');
INSERT INTO public.column_lineage (output_dataset_version_uuid, output_dataset_field_uuid, input_dataset_version_uuid, input_dataset_field_uuid, transformation_description, transformation_type, created_at, updated_at) VALUES ('075c9ceb-f73d-4fcf-812b-cee8fa0f1358', '386d9be5-84ce-4233-9d99-f10d02f8ea5e', 'c5eb49ec-b6bf-4a18-ae9d-b659b4f1aac0', '9b57cc4f-c2b6-4307-9911-83cac2dd09cc', NULL, NULL, '2025-10-05 10:38:33', '2025-10-05 10:38:33');


ALTER TABLE public.column_lineage ENABLE TRIGGER ALL;

--
-- Data for Name: jobs; Type: TABLE DATA; Schema: public; Owner: marquez
--

ALTER TABLE public.jobs DISABLE TRIGGER ALL;

INSERT INTO public.jobs (uuid, type, created_at, updated_at, namespace_uuid, simple_name, description, current_version_uuid, namespace_name, current_job_context_uuid, current_location, current_inputs, symlink_target_uuid, parent_job_uuid, parent_job_uuid_string, is_hidden, name, aliases, current_run_uuid) VALUES ('3c1c7bea-84e7-4653-b1ac-1fcfe0f27756', 'BATCH', '2025-10-05 10:38:33+00', '2025-10-05 10:44:33+00', 'd6aa17c5-9d98-4763-8e32-d39b104a921d', 'delivery_times_7_days', NULL, '18f99691-58f2-4260-8b66-1d1b4be84123', 'food_delivery', NULL, NULL, '[]', NULL, NULL, '                                    ', false, 'delivery_times_7_days', NULL, 'bd41a42a-bf18-4b74-9bb7-cd62637823d8');
INSERT INTO public.jobs (uuid, type, created_at, updated_at, namespace_uuid, simple_name, description, current_version_uuid, namespace_name, current_job_context_uuid, current_location, current_inputs, symlink_target_uuid, parent_job_uuid, parent_job_uuid_string, is_hidden, name, aliases, current_run_uuid) VALUES ('df3ea846-b981-495d-b76e-7c3d81feb0cf', 'BATCH', '2025-10-05 09:40:49+00', '2025-10-05 10:46:33+00', 'd6aa17c5-9d98-4763-8e32-d39b104a921d', 'etl_menus', NULL, '61a0032d-131b-4424-b062-16a6ed3438c4', 'food_delivery', NULL, NULL, '[]', NULL, NULL, '                                    ', false, 'etl_menus', NULL, '4d3b8069-69b6-4708-ade0-3275112c9f04');
INSERT INTO public.jobs (uuid, type, created_at, updated_at, namespace_uuid, simple_name, description, current_version_uuid, namespace_name, current_job_context_uuid, current_location, current_inputs, symlink_target_uuid, parent_job_uuid, parent_job_uuid_string, is_hidden, name, aliases, current_run_uuid) VALUES ('db3d8192-d8eb-49e2-a67a-6df0af9125f6', 'BATCH', '2025-10-05 10:38:33+00', '2025-10-05 10:47:33+00', 'd6aa17c5-9d98-4763-8e32-d39b104a921d', 'etl_categories', NULL, '8156a940-fc71-4fd0-9171-1b643e1001e5', 'food_delivery', NULL, NULL, '[]', NULL, NULL, '                                    ', false, 'etl_categories', NULL, '6f0c13a5-f29b-46a5-90c1-0ffbebbbd1aa');
INSERT INTO public.jobs (uuid, type, created_at, updated_at, namespace_uuid, simple_name, description, current_version_uuid, namespace_name, current_job_context_uuid, current_location, current_inputs, symlink_target_uuid, parent_job_uuid, parent_job_uuid_string, is_hidden, name, aliases, current_run_uuid) VALUES ('81541df5-49b9-409c-85b7-c1ba9a3204d7', 'BATCH', '2025-10-05 10:38:33+00', '2025-10-05 10:46:33+00', 'd6aa17c5-9d98-4763-8e32-d39b104a921d', 'etl_menu_items', NULL, 'c339336f-fdc7-49f8-a1dc-ce39381b1595', 'food_delivery', NULL, NULL, '[]', NULL, NULL, '                                    ', false, 'etl_menu_items', NULL, 'e05901b1-3a06-4b98-8d9c-aaf188c9a28c');
INSERT INTO public.jobs (uuid, type, created_at, updated_at, namespace_uuid, simple_name, description, current_version_uuid, namespace_name, current_job_context_uuid, current_location, current_inputs, symlink_target_uuid, parent_job_uuid, parent_job_uuid_string, is_hidden, name, aliases, current_run_uuid) VALUES ('6dfdadf3-2908-4f2f-a497-ba32893e038d', 'BATCH', '2025-10-05 10:38:33+00', '2025-10-05 10:43:33+00', 'd6aa17c5-9d98-4763-8e32-d39b104a921d', 'orders_popular_day_of_week', NULL, '2599b373-176b-400c-b613-daff1bf33d3a', 'food_delivery', NULL, NULL, '[]', NULL, NULL, '                                    ', false, 'orders_popular_day_of_week', NULL, 'adc8507c-595e-4d76-9dac-be2bf0ffe1ee');
INSERT INTO public.jobs (uuid, type, created_at, updated_at, namespace_uuid, simple_name, description, current_version_uuid, namespace_name, current_job_context_uuid, current_location, current_inputs, symlink_target_uuid, parent_job_uuid, parent_job_uuid_string, is_hidden, name, aliases, current_run_uuid) VALUES ('a74b6b92-e8b6-44b2-8f02-4b8371ff54c3', 'BATCH', '2025-10-05 10:38:33+00', '2025-10-05 10:43:33+00', 'd6aa17c5-9d98-4763-8e32-d39b104a921d', 'etl_orders', NULL, 'c35d16ea-7a0b-4579-ba4a-f06aae6acbc3', 'food_delivery', NULL, NULL, '[]', NULL, NULL, '                                    ', false, 'etl_orders', NULL, 'a43a8523-349f-4296-807f-3354ac491990');
INSERT INTO public.jobs (uuid, type, created_at, updated_at, namespace_uuid, simple_name, description, current_version_uuid, namespace_name, current_job_context_uuid, current_location, current_inputs, symlink_target_uuid, parent_job_uuid, parent_job_uuid_string, is_hidden, name, aliases, current_run_uuid) VALUES ('bc122947-b507-4526-91c6-78014f463d51', 'BATCH', '2025-10-05 10:38:33+00', '2025-10-05 10:45:33+00', 'd6aa17c5-9d98-4763-8e32-d39b104a921d', 'etl_orders_7_days', NULL, '4644dbc7-c47c-4ae7-9a0f-a999b36a2b49', 'food_delivery', NULL, NULL, '[]', NULL, NULL, '                                    ', false, 'etl_orders_7_days', NULL, 'ffba2c14-4170-48da-bec3-ab5fd4ec9a3f');
INSERT INTO public.jobs (uuid, type, created_at, updated_at, namespace_uuid, simple_name, description, current_version_uuid, namespace_name, current_job_context_uuid, current_location, current_inputs, symlink_target_uuid, parent_job_uuid, parent_job_uuid_string, is_hidden, name, aliases, current_run_uuid) VALUES ('a7655411-716b-48ad-b141-bd784906c5eb', 'BATCH', '2025-10-05 10:38:33+00', '2025-10-05 10:48:33+00', 'd6aa17c5-9d98-4763-8e32-d39b104a921d', 'etl_customers', NULL, 'ee2c75d1-908b-4406-856f-ed15630348d1', 'food_delivery', NULL, NULL, '[]', NULL, NULL, '                                    ', false, 'etl_customers', NULL, '182a9eaf-881a-4d49-860c-f7e260b8bf60');
INSERT INTO public.jobs (uuid, type, created_at, updated_at, namespace_uuid, simple_name, description, current_version_uuid, namespace_name, current_job_context_uuid, current_location, current_inputs, symlink_target_uuid, parent_job_uuid, parent_job_uuid_string, is_hidden, name, aliases, current_run_uuid) VALUES ('e5ec1548-036d-48a0-88d7-af1cce96e82f', 'BATCH', '2025-10-05 10:38:33+00', '2025-10-05 10:44:33+00', 'd6aa17c5-9d98-4763-8e32-d39b104a921d', 'email_discounts', NULL, '8ff95d0e-b63d-40bb-bc1b-d0e5b505ae17', 'food_delivery', NULL, NULL, '[]', NULL, NULL, '                                    ', false, 'email_discounts', NULL, '3ab25429-cf9c-4d1d-9166-1e1946f9d3c3');
INSERT INTO public.jobs (uuid, type, created_at, updated_at, namespace_uuid, simple_name, description, current_version_uuid, namespace_name, current_job_context_uuid, current_location, current_inputs, symlink_target_uuid, parent_job_uuid, parent_job_uuid_string, is_hidden, name, aliases, current_run_uuid) VALUES ('f2ec21eb-c33d-4dcb-86e4-9adaa3eeb4eb', 'BATCH', '2025-10-05 10:38:33+00', '2025-10-05 10:45:33+00', 'd6aa17c5-9d98-4763-8e32-d39b104a921d', 'etl_order_status', NULL, '45a22a4c-9481-4af2-a506-5d5c7717c2be', 'food_delivery', NULL, NULL, '[]', NULL, NULL, '                                    ', false, 'etl_order_status', NULL, 'b7098939-87f0-4207-878f-dfd8e8804d8a');
INSERT INTO public.jobs (uuid, type, created_at, updated_at, namespace_uuid, simple_name, description, current_version_uuid, namespace_name, current_job_context_uuid, current_location, current_inputs, symlink_target_uuid, parent_job_uuid, parent_job_uuid_string, is_hidden, name, aliases, current_run_uuid) VALUES ('fe39e2a4-2af2-477b-9513-1313c243c602', 'BATCH', '2025-10-05 10:38:33+00', '2025-10-05 10:43:33+00', 'd6aa17c5-9d98-4763-8e32-d39b104a921d', 'etl_drivers', NULL, '0e0b6151-d82f-4ca1-9285-c6da796685d2', 'food_delivery', NULL, NULL, '[]', NULL, NULL, '                                    ', false, 'etl_drivers', NULL, '9f3db1c5-5e9a-4280-8184-18aca4592c77');
INSERT INTO public.jobs (uuid, type, created_at, updated_at, namespace_uuid, simple_name, description, current_version_uuid, namespace_name, current_job_context_uuid, current_location, current_inputs, symlink_target_uuid, parent_job_uuid, parent_job_uuid_string, is_hidden, name, aliases, current_run_uuid) VALUES ('f0cb0780-9dea-4a77-aeb5-8de74db63961', 'BATCH', '2025-10-05 10:38:33+00', '2025-10-05 10:48:33+00', 'd6aa17c5-9d98-4763-8e32-d39b104a921d', 'etl_restaurants', NULL, '495aa61f-164d-4439-95f1-7e377b0655f2', 'food_delivery', NULL, NULL, '[]', NULL, NULL, '                                    ', false, 'etl_restaurants', NULL, '8ddfb1d9-415f-4850-bcd6-01d02f011abe');
INSERT INTO public.jobs (uuid, type, created_at, updated_at, namespace_uuid, simple_name, description, current_version_uuid, namespace_name, current_job_context_uuid, current_location, current_inputs, symlink_target_uuid, parent_job_uuid, parent_job_uuid_string, is_hidden, name, aliases, current_run_uuid) VALUES ('8222d4a8-1d3e-4fab-a4ef-009cab1cd35c', 'BATCH', '2025-10-05 10:38:33+00', '2025-10-05 10:44:33+00', 'd6aa17c5-9d98-4763-8e32-d39b104a921d', 'etl_delivery_7_days', NULL, 'b59de3b6-ee0d-43e9-bf6d-cd0f675fbe62', 'food_delivery', NULL, NULL, '[]', NULL, NULL, '                                    ', false, 'etl_delivery_7_days', NULL, 'd5a2a4c4-fc78-428d-ae85-08c942ed8371');


ALTER TABLE public.jobs ENABLE TRIGGER ALL;

--
-- Data for Name: job_versions; Type: TABLE DATA; Schema: public; Owner: marquez
--

ALTER TABLE public.job_versions DISABLE TRIGGER ALL;

INSERT INTO public.job_versions (uuid, created_at, updated_at, job_uuid, version, location, latest_run_uuid, job_context_uuid, namespace_uuid, namespace_name, job_name) VALUES ('61a0032d-131b-4424-b062-16a6ed3438c4', '2025-10-05 10:46:33+00', '2025-10-05 10:46:33+00', 'df3ea846-b981-495d-b76e-7c3d81feb0cf', '60222e77-3abc-3e98-9e25-9e57bf174b54', NULL, '4d3b8069-69b6-4708-ade0-3275112c9f04', NULL, 'd6aa17c5-9d98-4763-8e32-d39b104a921d', 'food_delivery', 'etl_menus');
INSERT INTO public.job_versions (uuid, created_at, updated_at, job_uuid, version, location, latest_run_uuid, job_context_uuid, namespace_uuid, namespace_name, job_name) VALUES ('8156a940-fc71-4fd0-9171-1b643e1001e5', '2025-10-05 10:47:33+00', '2025-10-05 10:47:33+00', 'db3d8192-d8eb-49e2-a67a-6df0af9125f6', '655d02d5-a110-38a0-8516-299c9352161c', NULL, '6f0c13a5-f29b-46a5-90c1-0ffbebbbd1aa', NULL, 'd6aa17c5-9d98-4763-8e32-d39b104a921d', 'food_delivery', 'etl_categories');
INSERT INTO public.job_versions (uuid, created_at, updated_at, job_uuid, version, location, latest_run_uuid, job_context_uuid, namespace_uuid, namespace_name, job_name) VALUES ('c339336f-fdc7-49f8-a1dc-ce39381b1595', '2025-10-05 10:46:33+00', '2025-10-05 10:46:33+00', '81541df5-49b9-409c-85b7-c1ba9a3204d7', '310fcd28-4aad-3006-9cdf-8673ebcdbc34', NULL, 'e05901b1-3a06-4b98-8d9c-aaf188c9a28c', NULL, 'd6aa17c5-9d98-4763-8e32-d39b104a921d', 'food_delivery', 'etl_menu_items');
INSERT INTO public.job_versions (uuid, created_at, updated_at, job_uuid, version, location, latest_run_uuid, job_context_uuid, namespace_uuid, namespace_name, job_name) VALUES ('c35d16ea-7a0b-4579-ba4a-f06aae6acbc3', '2025-10-05 10:43:33+00', '2025-10-05 10:43:33+00', 'a74b6b92-e8b6-44b2-8f02-4b8371ff54c3', '0339939f-2e61-3562-b5f6-580a58456fc3', NULL, 'a43a8523-349f-4296-807f-3354ac491990', NULL, 'd6aa17c5-9d98-4763-8e32-d39b104a921d', 'food_delivery', 'etl_orders');
INSERT INTO public.job_versions (uuid, created_at, updated_at, job_uuid, version, location, latest_run_uuid, job_context_uuid, namespace_uuid, namespace_name, job_name) VALUES ('4644dbc7-c47c-4ae7-9a0f-a999b36a2b49', '2025-10-05 10:45:33+00', '2025-10-05 10:45:33+00', 'bc122947-b507-4526-91c6-78014f463d51', '2ced85f2-4274-378d-b9e2-fa4ea6e68c71', NULL, 'ffba2c14-4170-48da-bec3-ab5fd4ec9a3f', NULL, 'd6aa17c5-9d98-4763-8e32-d39b104a921d', 'food_delivery', 'etl_orders_7_days');
INSERT INTO public.job_versions (uuid, created_at, updated_at, job_uuid, version, location, latest_run_uuid, job_context_uuid, namespace_uuid, namespace_name, job_name) VALUES ('ee2c75d1-908b-4406-856f-ed15630348d1', '2025-10-05 10:48:33+00', '2025-10-05 10:48:33+00', 'a7655411-716b-48ad-b141-bd784906c5eb', 'bfcc4f65-71e6-3ce2-ac19-8264544661a8', NULL, '182a9eaf-881a-4d49-860c-f7e260b8bf60', NULL, 'd6aa17c5-9d98-4763-8e32-d39b104a921d', 'food_delivery', 'etl_customers');
INSERT INTO public.job_versions (uuid, created_at, updated_at, job_uuid, version, location, latest_run_uuid, job_context_uuid, namespace_uuid, namespace_name, job_name) VALUES ('45a22a4c-9481-4af2-a506-5d5c7717c2be', '2025-10-05 10:45:33+00', '2025-10-05 10:45:33+00', 'f2ec21eb-c33d-4dcb-86e4-9adaa3eeb4eb', '0a41f5f5-25d8-3d27-b9ff-0ec1f1813ff3', NULL, 'b7098939-87f0-4207-878f-dfd8e8804d8a', NULL, 'd6aa17c5-9d98-4763-8e32-d39b104a921d', 'food_delivery', 'etl_order_status');
INSERT INTO public.job_versions (uuid, created_at, updated_at, job_uuid, version, location, latest_run_uuid, job_context_uuid, namespace_uuid, namespace_name, job_name) VALUES ('0e0b6151-d82f-4ca1-9285-c6da796685d2', '2025-10-05 10:43:33+00', '2025-10-05 10:43:33+00', 'fe39e2a4-2af2-477b-9513-1313c243c602', '889a768c-17ca-3418-8470-d4e54056a6e5', NULL, '9f3db1c5-5e9a-4280-8184-18aca4592c77', NULL, 'd6aa17c5-9d98-4763-8e32-d39b104a921d', 'food_delivery', 'etl_drivers');
INSERT INTO public.job_versions (uuid, created_at, updated_at, job_uuid, version, location, latest_run_uuid, job_context_uuid, namespace_uuid, namespace_name, job_name) VALUES ('495aa61f-164d-4439-95f1-7e377b0655f2', '2025-10-05 10:48:33+00', '2025-10-05 10:48:33+00', 'f0cb0780-9dea-4a77-aeb5-8de74db63961', '409cf26c-fcc7-393e-af49-65cbe253fe8f', NULL, '8ddfb1d9-415f-4850-bcd6-01d02f011abe', NULL, 'd6aa17c5-9d98-4763-8e32-d39b104a921d', 'food_delivery', 'etl_restaurants');
INSERT INTO public.job_versions (uuid, created_at, updated_at, job_uuid, version, location, latest_run_uuid, job_context_uuid, namespace_uuid, namespace_name, job_name) VALUES ('b59de3b6-ee0d-43e9-bf6d-cd0f675fbe62', '2025-10-05 10:44:33+00', '2025-10-05 10:44:33+00', '8222d4a8-1d3e-4fab-a4ef-009cab1cd35c', 'c50792dd-7657-31b5-8e33-3ea014a8096b', NULL, 'd5a2a4c4-fc78-428d-ae85-08c942ed8371', NULL, 'd6aa17c5-9d98-4763-8e32-d39b104a921d', 'food_delivery', 'etl_delivery_7_days');
INSERT INTO public.job_versions (uuid, created_at, updated_at, job_uuid, version, location, latest_run_uuid, job_context_uuid, namespace_uuid, namespace_name, job_name) VALUES ('18f99691-58f2-4260-8b66-1d1b4be84123', '2025-10-05 10:44:33+00', '2025-10-05 10:44:33+00', '3c1c7bea-84e7-4653-b1ac-1fcfe0f27756', 'b0418f2f-bb0a-3813-9722-628c40f1c026', NULL, 'bd41a42a-bf18-4b74-9bb7-cd62637823d8', NULL, 'd6aa17c5-9d98-4763-8e32-d39b104a921d', 'food_delivery', 'delivery_times_7_days');
INSERT INTO public.job_versions (uuid, created_at, updated_at, job_uuid, version, location, latest_run_uuid, job_context_uuid, namespace_uuid, namespace_name, job_name) VALUES ('2599b373-176b-400c-b613-daff1bf33d3a', '2025-10-05 10:43:33+00', '2025-10-05 10:43:33+00', '6dfdadf3-2908-4f2f-a497-ba32893e038d', 'b54a3dae-9981-30ea-b2f7-c9be5bf64dd2', NULL, 'adc8507c-595e-4d76-9dac-be2bf0ffe1ee', NULL, 'd6aa17c5-9d98-4763-8e32-d39b104a921d', 'food_delivery', 'orders_popular_day_of_week');
INSERT INTO public.job_versions (uuid, created_at, updated_at, job_uuid, version, location, latest_run_uuid, job_context_uuid, namespace_uuid, namespace_name, job_name) VALUES ('8ff95d0e-b63d-40bb-bc1b-d0e5b505ae17', '2025-10-05 10:44:33+00', '2025-10-05 10:44:33+00', 'e5ec1548-036d-48a0-88d7-af1cce96e82f', '4f6e2960-aafd-31e1-921b-48ba743b408a', NULL, '3ab25429-cf9c-4d1d-9166-1e1946f9d3c3', NULL, 'd6aa17c5-9d98-4763-8e32-d39b104a921d', 'food_delivery', 'email_discounts');


ALTER TABLE public.job_versions ENABLE TRIGGER ALL;

--
-- Data for Name: run_args; Type: TABLE DATA; Schema: public; Owner: marquez
--

ALTER TABLE public.run_args DISABLE TRIGGER ALL;

INSERT INTO public.run_args (uuid, created_at, args, checksum) VALUES ('8113887e-e5bc-476b-9eca-4af32aebfbfc', '2025-10-05 09:40:49', '{"nominal_start_time":"2020-02-22T22:00Z","nominal_end_time":"2020-02-22T22:00Z"}', '241b834277102e356c9c5be17dc0b74c64e98f29e22ce2c4b03fa10b66390f37');
INSERT INTO public.run_args (uuid, created_at, args, checksum) VALUES ('3f59ae67-06f3-4394-bbb1-ae760437e02d', '2025-10-05 10:46:33', '{}', 'e3b0c44298fc1c149afbf4c8996fb92427ae41e4649b934ca495991b7852b855');


ALTER TABLE public.run_args ENABLE TRIGGER ALL;

--
-- Data for Name: runs; Type: TABLE DATA; Schema: public; Owner: marquez
--

ALTER TABLE public.runs DISABLE TRIGGER ALL;

INSERT INTO public.runs (uuid, created_at, updated_at, job_version_uuid, run_args_uuid, nominal_start_time, nominal_end_time, current_run_state, start_run_state_uuid, end_run_state_uuid, external_id, namespace_name, job_name, location, transitioned_at, started_at, ended_at, job_context_uuid, parent_run_uuid, job_uuid) VALUES ('4d3b8069-69b6-4708-ade0-3275112c9f04', '2025-10-05 09:40:49+00', '2025-10-05 10:46:33+00', '61a0032d-131b-4424-b062-16a6ed3438c4', '8113887e-e5bc-476b-9eca-4af32aebfbfc', NULL, NULL, 'COMPLETED', 'f0e92ff9-e9ac-44eb-9027-b28eabd01bf2', 'd879d313-f501-41ba-8839-9818422073fc', '4d3b8069-69b6-4708-ade0-3275112c9f04', 'food_delivery', 'etl_menus', NULL, '2025-10-05 10:46:33', '2025-10-05 10:38:33', '2025-10-05 10:46:33', NULL, NULL, 'df3ea846-b981-495d-b76e-7c3d81feb0cf');
INSERT INTO public.runs (uuid, created_at, updated_at, job_version_uuid, run_args_uuid, nominal_start_time, nominal_end_time, current_run_state, start_run_state_uuid, end_run_state_uuid, external_id, namespace_name, job_name, location, transitioned_at, started_at, ended_at, job_context_uuid, parent_run_uuid, job_uuid) VALUES ('6f0c13a5-f29b-46a5-90c1-0ffbebbbd1aa', '2025-10-05 10:38:33+00', '2025-10-05 10:47:33+00', '8156a940-fc71-4fd0-9171-1b643e1001e5', '8113887e-e5bc-476b-9eca-4af32aebfbfc', NULL, NULL, 'COMPLETED', 'cb31791e-5772-4d30-a8a2-58c55f8cd278', 'df524146-2097-4647-822c-9b4bc821d1fb', '6f0c13a5-f29b-46a5-90c1-0ffbebbbd1aa', 'food_delivery', 'etl_categories', NULL, '2025-10-05 10:47:33', '2025-10-05 10:38:33', '2025-10-05 10:47:33', NULL, NULL, 'db3d8192-d8eb-49e2-a67a-6df0af9125f6');
INSERT INTO public.runs (uuid, created_at, updated_at, job_version_uuid, run_args_uuid, nominal_start_time, nominal_end_time, current_run_state, start_run_state_uuid, end_run_state_uuid, external_id, namespace_name, job_name, location, transitioned_at, started_at, ended_at, job_context_uuid, parent_run_uuid, job_uuid) VALUES ('e05901b1-3a06-4b98-8d9c-aaf188c9a28c', '2025-10-05 10:38:33+00', '2025-10-05 10:46:33+00', 'c339336f-fdc7-49f8-a1dc-ce39381b1595', '8113887e-e5bc-476b-9eca-4af32aebfbfc', NULL, NULL, 'COMPLETED', '9517b11b-b5ab-4dae-a05c-7373375db9ee', '80c42125-ea18-46b4-a2c1-586cecdff698', 'e05901b1-3a06-4b98-8d9c-aaf188c9a28c', 'food_delivery', 'etl_menu_items', NULL, '2025-10-05 10:46:33', '2025-10-05 10:38:33', '2025-10-05 10:46:33', NULL, NULL, '81541df5-49b9-409c-85b7-c1ba9a3204d7');
INSERT INTO public.runs (uuid, created_at, updated_at, job_version_uuid, run_args_uuid, nominal_start_time, nominal_end_time, current_run_state, start_run_state_uuid, end_run_state_uuid, external_id, namespace_name, job_name, location, transitioned_at, started_at, ended_at, job_context_uuid, parent_run_uuid, job_uuid) VALUES ('a43a8523-349f-4296-807f-3354ac491990', '2025-10-05 10:38:33+00', '2025-10-05 10:43:33+00', 'c35d16ea-7a0b-4579-ba4a-f06aae6acbc3', '8113887e-e5bc-476b-9eca-4af32aebfbfc', NULL, NULL, 'COMPLETED', '3588f2b7-7271-47bc-bb62-35e7803a0dd1', '414c800f-582e-4630-a385-93e1868a54a2', 'a43a8523-349f-4296-807f-3354ac491990', 'food_delivery', 'etl_orders', NULL, '2025-10-05 10:43:33', '2025-10-05 10:38:33', '2025-10-05 10:43:33', NULL, NULL, 'a74b6b92-e8b6-44b2-8f02-4b8371ff54c3');
INSERT INTO public.runs (uuid, created_at, updated_at, job_version_uuid, run_args_uuid, nominal_start_time, nominal_end_time, current_run_state, start_run_state_uuid, end_run_state_uuid, external_id, namespace_name, job_name, location, transitioned_at, started_at, ended_at, job_context_uuid, parent_run_uuid, job_uuid) VALUES ('ffba2c14-4170-48da-bec3-ab5fd4ec9a3f', '2025-10-05 10:38:33+00', '2025-10-05 10:45:33+00', '4644dbc7-c47c-4ae7-9a0f-a999b36a2b49', '8113887e-e5bc-476b-9eca-4af32aebfbfc', NULL, NULL, 'COMPLETED', '460c5d39-aac3-4b44-ad7c-8440fbc37042', '25d34c81-00e8-42b3-91d4-5701edd1e50b', 'ffba2c14-4170-48da-bec3-ab5fd4ec9a3f', 'food_delivery', 'etl_orders_7_days', NULL, '2025-10-05 10:45:33', '2025-10-05 10:38:33', '2025-10-05 10:45:33', NULL, NULL, 'bc122947-b507-4526-91c6-78014f463d51');
INSERT INTO public.runs (uuid, created_at, updated_at, job_version_uuid, run_args_uuid, nominal_start_time, nominal_end_time, current_run_state, start_run_state_uuid, end_run_state_uuid, external_id, namespace_name, job_name, location, transitioned_at, started_at, ended_at, job_context_uuid, parent_run_uuid, job_uuid) VALUES ('182a9eaf-881a-4d49-860c-f7e260b8bf60', '2025-10-05 10:38:33+00', '2025-10-05 10:48:33+00', 'ee2c75d1-908b-4406-856f-ed15630348d1', '8113887e-e5bc-476b-9eca-4af32aebfbfc', NULL, NULL, 'COMPLETED', '5226c9e6-024b-4d7c-b382-62bb0205e939', 'e835c89a-d968-40f4-aa11-f8d6577a0bed', '182a9eaf-881a-4d49-860c-f7e260b8bf60', 'food_delivery', 'etl_customers', NULL, '2025-10-05 10:48:33', '2025-10-05 10:38:33', '2025-10-05 10:48:33', NULL, NULL, 'a7655411-716b-48ad-b141-bd784906c5eb');
INSERT INTO public.runs (uuid, created_at, updated_at, job_version_uuid, run_args_uuid, nominal_start_time, nominal_end_time, current_run_state, start_run_state_uuid, end_run_state_uuid, external_id, namespace_name, job_name, location, transitioned_at, started_at, ended_at, job_context_uuid, parent_run_uuid, job_uuid) VALUES ('b7098939-87f0-4207-878f-dfd8e8804d8a', '2025-10-05 10:38:33+00', '2025-10-05 10:45:33+00', '45a22a4c-9481-4af2-a506-5d5c7717c2be', '8113887e-e5bc-476b-9eca-4af32aebfbfc', NULL, NULL, 'COMPLETED', 'd23995ba-6833-4e3c-833b-f029c6d7d78e', 'ab93d1c0-891c-4b92-b582-57acb58792b2', 'b7098939-87f0-4207-878f-dfd8e8804d8a', 'food_delivery', 'etl_order_status', NULL, '2025-10-05 10:45:33', '2025-10-05 10:38:33', '2025-10-05 10:45:33', NULL, NULL, 'f2ec21eb-c33d-4dcb-86e4-9adaa3eeb4eb');
INSERT INTO public.runs (uuid, created_at, updated_at, job_version_uuid, run_args_uuid, nominal_start_time, nominal_end_time, current_run_state, start_run_state_uuid, end_run_state_uuid, external_id, namespace_name, job_name, location, transitioned_at, started_at, ended_at, job_context_uuid, parent_run_uuid, job_uuid) VALUES ('9f3db1c5-5e9a-4280-8184-18aca4592c77', '2025-10-05 10:38:33+00', '2025-10-05 10:43:33+00', '0e0b6151-d82f-4ca1-9285-c6da796685d2', '8113887e-e5bc-476b-9eca-4af32aebfbfc', NULL, NULL, 'COMPLETED', 'f21c6743-f83d-47ea-a96e-13c4149dccdc', 'c8ec1b44-3c1d-41e2-b79f-c45e915ee267', '9f3db1c5-5e9a-4280-8184-18aca4592c77', 'food_delivery', 'etl_drivers', NULL, '2025-10-05 10:43:33', '2025-10-05 10:38:33', '2025-10-05 10:43:33', NULL, NULL, 'fe39e2a4-2af2-477b-9513-1313c243c602');
INSERT INTO public.runs (uuid, created_at, updated_at, job_version_uuid, run_args_uuid, nominal_start_time, nominal_end_time, current_run_state, start_run_state_uuid, end_run_state_uuid, external_id, namespace_name, job_name, location, transitioned_at, started_at, ended_at, job_context_uuid, parent_run_uuid, job_uuid) VALUES ('8ddfb1d9-415f-4850-bcd6-01d02f011abe', '2025-10-05 10:38:33+00', '2025-10-05 10:48:33+00', '495aa61f-164d-4439-95f1-7e377b0655f2', '8113887e-e5bc-476b-9eca-4af32aebfbfc', NULL, NULL, 'COMPLETED', '388aed3b-659c-4988-94e4-57bbb3e6881d', '4f1fa010-ed59-4502-80ef-d63d1012b527', '8ddfb1d9-415f-4850-bcd6-01d02f011abe', 'food_delivery', 'etl_restaurants', NULL, '2025-10-05 10:48:33', '2025-10-05 10:38:33', '2025-10-05 10:48:33', NULL, NULL, 'f0cb0780-9dea-4a77-aeb5-8de74db63961');
INSERT INTO public.runs (uuid, created_at, updated_at, job_version_uuid, run_args_uuid, nominal_start_time, nominal_end_time, current_run_state, start_run_state_uuid, end_run_state_uuid, external_id, namespace_name, job_name, location, transitioned_at, started_at, ended_at, job_context_uuid, parent_run_uuid, job_uuid) VALUES ('d5a2a4c4-fc78-428d-ae85-08c942ed8371', '2025-10-05 10:38:33+00', '2025-10-05 10:44:33+00', 'b59de3b6-ee0d-43e9-bf6d-cd0f675fbe62', '8113887e-e5bc-476b-9eca-4af32aebfbfc', NULL, NULL, 'COMPLETED', 'b3984259-903a-4541-968e-0fce9a1920e7', 'd906e092-dc0d-42b7-9d9a-b805c521ba05', 'd5a2a4c4-fc78-428d-ae85-08c942ed8371', 'food_delivery', 'etl_delivery_7_days', NULL, '2025-10-05 10:44:33', '2025-10-05 10:38:33', '2025-10-05 10:44:33', NULL, NULL, '8222d4a8-1d3e-4fab-a4ef-009cab1cd35c');
INSERT INTO public.runs (uuid, created_at, updated_at, job_version_uuid, run_args_uuid, nominal_start_time, nominal_end_time, current_run_state, start_run_state_uuid, end_run_state_uuid, external_id, namespace_name, job_name, location, transitioned_at, started_at, ended_at, job_context_uuid, parent_run_uuid, job_uuid) VALUES ('bd41a42a-bf18-4b74-9bb7-cd62637823d8', '2025-10-05 10:38:33+00', '2025-10-05 10:44:33+00', '18f99691-58f2-4260-8b66-1d1b4be84123', '8113887e-e5bc-476b-9eca-4af32aebfbfc', NULL, NULL, 'COMPLETED', '854b6b52-7cf1-4742-88e3-d0bd16d231c8', '64e8bcd3-0e16-42b7-bd2e-e2beeeb74506', 'bd41a42a-bf18-4b74-9bb7-cd62637823d8', 'food_delivery', 'delivery_times_7_days', NULL, '2025-10-05 10:44:33', '2025-10-05 10:38:33', '2025-10-05 10:44:33', NULL, NULL, '3c1c7bea-84e7-4653-b1ac-1fcfe0f27756');
INSERT INTO public.runs (uuid, created_at, updated_at, job_version_uuid, run_args_uuid, nominal_start_time, nominal_end_time, current_run_state, start_run_state_uuid, end_run_state_uuid, external_id, namespace_name, job_name, location, transitioned_at, started_at, ended_at, job_context_uuid, parent_run_uuid, job_uuid) VALUES ('adc8507c-595e-4d76-9dac-be2bf0ffe1ee', '2025-10-05 10:38:33+00', '2025-10-05 10:43:33+00', '2599b373-176b-400c-b613-daff1bf33d3a', '8113887e-e5bc-476b-9eca-4af32aebfbfc', NULL, NULL, 'COMPLETED', 'd7d1a963-efcb-47e4-bfc7-70aa8e948d9a', '5f974bc6-9e4e-4029-8f69-9031da422196', 'adc8507c-595e-4d76-9dac-be2bf0ffe1ee', 'food_delivery', 'orders_popular_day_of_week', NULL, '2025-10-05 10:43:33', '2025-10-05 10:38:33', '2025-10-05 10:43:33', NULL, NULL, '6dfdadf3-2908-4f2f-a497-ba32893e038d');
INSERT INTO public.runs (uuid, created_at, updated_at, job_version_uuid, run_args_uuid, nominal_start_time, nominal_end_time, current_run_state, start_run_state_uuid, end_run_state_uuid, external_id, namespace_name, job_name, location, transitioned_at, started_at, ended_at, job_context_uuid, parent_run_uuid, job_uuid) VALUES ('3ab25429-cf9c-4d1d-9166-1e1946f9d3c3', '2025-10-05 10:38:33+00', '2025-10-05 10:44:33+00', '8ff95d0e-b63d-40bb-bc1b-d0e5b505ae17', '8113887e-e5bc-476b-9eca-4af32aebfbfc', NULL, NULL, 'COMPLETED', '63adbbd4-35ad-4c97-a4fb-4e34448a571a', '2d83b538-1ce5-4bd1-8273-e1fa9335a4f2', '3ab25429-cf9c-4d1d-9166-1e1946f9d3c3', 'food_delivery', 'email_discounts', NULL, '2025-10-05 10:44:33', '2025-10-05 10:38:33', '2025-10-05 10:44:33', NULL, NULL, 'e5ec1548-036d-48a0-88d7-af1cce96e82f');


ALTER TABLE public.runs ENABLE TRIGGER ALL;

--
-- Data for Name: dataset_facets; Type: TABLE DATA; Schema: public; Owner: marquez
--

ALTER TABLE public.dataset_facets DISABLE TRIGGER ALL;

INSERT INTO public.dataset_facets (created_at, dataset_uuid, dataset_version_uuid, run_uuid, lineage_event_time, lineage_event_type, type, name, facet) VALUES ('2025-10-05 09:41:17.715841+00', '70fecfb6-731a-4952-ad94-c145fd39b6c4', 'c09244dc-5c97-482d-9d86-bbdd7351357d', '4d3b8069-69b6-4708-ade0-3275112c9f04', '2025-10-05 09:40:49+00', 'START', 'DATASET', 'documentation', '{"documentation": {"_producer": "https://github.com/MarquezProject/marquez/blob/main/docker/metadata.json", "_schemaURL": "https://openlineage.io/spec/facets/1-0-0/DocumentationDatasetFacet.json", "description": "A table for menus."}}');
INSERT INTO public.dataset_facets (created_at, dataset_uuid, dataset_version_uuid, run_uuid, lineage_event_time, lineage_event_type, type, name, facet) VALUES ('2025-10-05 09:41:17.715841+00', '70fecfb6-731a-4952-ad94-c145fd39b6c4', 'c09244dc-5c97-482d-9d86-bbdd7351357d', '4d3b8069-69b6-4708-ade0-3275112c9f04', '2025-10-05 09:40:49+00', 'START', 'DATASET', 'schema', '{"schema": {"fields": [{"name": "id", "type": "INTEGER", "description": "The unique ID of the menu."}, {"name": "name", "type": "VARCHAR", "description": "The name of the menu."}, {"name": "restaurant_id", "type": "INTEGER", "description": "The ID of the restaurant related to the menu."}, {"name": "description", "type": "TEXT", "description": "The description of the menu."}], "_producer": "https://github.com/MarquezProject/marquez/blob/main/docker/metadata.json", "_schemaURL": "https://openlineage.io/spec/facets/1-0-0/SchemaDatasetFacet.json"}}');
INSERT INTO public.dataset_facets (created_at, dataset_uuid, dataset_version_uuid, run_uuid, lineage_event_time, lineage_event_type, type, name, facet) VALUES ('2025-10-05 09:41:17.715841+00', '70fecfb6-731a-4952-ad94-c145fd39b6c4', 'c09244dc-5c97-482d-9d86-bbdd7351357d', '4d3b8069-69b6-4708-ade0-3275112c9f04', '2025-10-05 09:40:49+00', 'START', 'DATASET', 'dataSource', '{"dataSource": {"uri": "postgres://food_delivery:food_delivery@postgres:5432/food_delivery", "name": "food_delivery_db", "_producer": "https://github.com/MarquezProject/marquez/blob/main/docker/metadata.json", "_schemaURL": "https://openlineage.io/spec/facets/1-0-0/DatasourceDatasetFacet.json"}}');
INSERT INTO public.dataset_facets (created_at, dataset_uuid, dataset_version_uuid, run_uuid, lineage_event_time, lineage_event_type, type, name, facet) VALUES ('2025-10-05 10:38:42.167985+00', '70fecfb6-731a-4952-ad94-c145fd39b6c4', 'c09244dc-5c97-482d-9d86-bbdd7351357d', '4d3b8069-69b6-4708-ade0-3275112c9f04', '2025-10-05 10:38:33+00', 'START', 'DATASET', 'documentation', '{"documentation": {"_producer": "https://github.com/MarquezProject/marquez/blob/main/docker/metadata.json", "_schemaURL": "https://openlineage.io/spec/facets/1-0-0/DocumentationDatasetFacet.json", "description": "A table for menus."}}');
INSERT INTO public.dataset_facets (created_at, dataset_uuid, dataset_version_uuid, run_uuid, lineage_event_time, lineage_event_type, type, name, facet) VALUES ('2025-10-05 10:38:42.167985+00', '70fecfb6-731a-4952-ad94-c145fd39b6c4', 'c09244dc-5c97-482d-9d86-bbdd7351357d', '4d3b8069-69b6-4708-ade0-3275112c9f04', '2025-10-05 10:38:33+00', 'START', 'DATASET', 'schema', '{"schema": {"fields": [{"name": "id", "type": "INTEGER", "description": "The unique ID of the menu."}, {"name": "name", "type": "VARCHAR", "description": "The name of the menu."}, {"name": "restaurant_id", "type": "INTEGER", "description": "The ID of the restaurant related to the menu."}, {"name": "description", "type": "TEXT", "description": "The description of the menu."}], "_producer": "https://github.com/MarquezProject/marquez/blob/main/docker/metadata.json", "_schemaURL": "https://openlineage.io/spec/facets/1-0-0/SchemaDatasetFacet.json"}}');
INSERT INTO public.dataset_facets (created_at, dataset_uuid, dataset_version_uuid, run_uuid, lineage_event_time, lineage_event_type, type, name, facet) VALUES ('2025-10-05 10:38:42.167985+00', '70fecfb6-731a-4952-ad94-c145fd39b6c4', 'c09244dc-5c97-482d-9d86-bbdd7351357d', '4d3b8069-69b6-4708-ade0-3275112c9f04', '2025-10-05 10:38:33+00', 'START', 'DATASET', 'dataSource', '{"dataSource": {"uri": "postgres://food_delivery:food_delivery@postgres:5432/food_delivery", "name": "food_delivery_db", "_producer": "https://github.com/MarquezProject/marquez/blob/main/docker/metadata.json", "_schemaURL": "https://openlineage.io/spec/facets/1-0-0/DatasourceDatasetFacet.json"}}');
INSERT INTO public.dataset_facets (created_at, dataset_uuid, dataset_version_uuid, run_uuid, lineage_event_time, lineage_event_type, type, name, facet) VALUES ('2025-10-05 10:38:44.605258+00', '8928e75d-07a2-4837-80b8-e7b0b9827b52', '225d33f0-8422-4e73-b20b-e1dd230f8cc6', '6f0c13a5-f29b-46a5-90c1-0ffbebbbd1aa', '2025-10-05 10:38:33+00', 'START', 'DATASET', 'documentation', '{"documentation": {"_producer": "https://github.com/MarquezProject/marquez/blob/main/docker/metadata.json", "_schemaURL": "https://openlineage.io/spec/facets/1-0-0/DocumentationDatasetFacet.json", "description": "A table for categories."}}');
INSERT INTO public.dataset_facets (created_at, dataset_uuid, dataset_version_uuid, run_uuid, lineage_event_time, lineage_event_type, type, name, facet) VALUES ('2025-10-05 10:38:44.605258+00', '8928e75d-07a2-4837-80b8-e7b0b9827b52', '225d33f0-8422-4e73-b20b-e1dd230f8cc6', '6f0c13a5-f29b-46a5-90c1-0ffbebbbd1aa', '2025-10-05 10:38:33+00', 'START', 'DATASET', 'schema', '{"schema": {"fields": [{"name": "id", "type": "INTEGER", "description": "The unique ID of the category."}, {"name": "name", "type": "VARCHAR", "description": "The name of the category."}, {"name": "menu_id", "type": "INTEGER", "description": "The ID of the menu related to the category."}, {"name": "description", "type": "TEXT", "description": "The description of the category."}], "_producer": "https://github.com/MarquezProject/marquez/blob/main/docker/metadata.json", "_schemaURL": "https://openlineage.io/spec/facets/1-0-0/SchemaDatasetFacet.json"}}');
INSERT INTO public.dataset_facets (created_at, dataset_uuid, dataset_version_uuid, run_uuid, lineage_event_time, lineage_event_type, type, name, facet) VALUES ('2025-10-05 10:38:44.605258+00', '8928e75d-07a2-4837-80b8-e7b0b9827b52', '225d33f0-8422-4e73-b20b-e1dd230f8cc6', '6f0c13a5-f29b-46a5-90c1-0ffbebbbd1aa', '2025-10-05 10:38:33+00', 'START', 'DATASET', 'dataSource', '{"dataSource": {"uri": "postgres://food_delivery:food_delivery@postgres:5432/food_delivery", "name": "food_delivery_db", "_producer": "https://github.com/MarquezProject/marquez/blob/main/docker/metadata.json", "_schemaURL": "https://openlineage.io/spec/facets/1-0-0/DatasourceDatasetFacet.json"}}');
INSERT INTO public.dataset_facets (created_at, dataset_uuid, dataset_version_uuid, run_uuid, lineage_event_time, lineage_event_type, type, name, facet) VALUES ('2025-10-05 10:38:47.72198+00', '84e5ecdf-4681-4d6a-a1de-935ed0cf7e30', 'd24f7ddf-50bb-4d7d-9b9c-6efb21ff1e0f', 'e05901b1-3a06-4b98-8d9c-aaf188c9a28c', '2025-10-05 10:38:33+00', 'START', 'DATASET', 'documentation', '{"documentation": {"_producer": "https://github.com/MarquezProject/marquez/blob/main/docker/metadata.json", "_schemaURL": "https://openlineage.io/spec/facets/1-0-0/DocumentationDatasetFacet.json", "description": "A table for menu items."}}');
INSERT INTO public.dataset_facets (created_at, dataset_uuid, dataset_version_uuid, run_uuid, lineage_event_time, lineage_event_type, type, name, facet) VALUES ('2025-10-05 10:38:47.72198+00', '84e5ecdf-4681-4d6a-a1de-935ed0cf7e30', 'd24f7ddf-50bb-4d7d-9b9c-6efb21ff1e0f', 'e05901b1-3a06-4b98-8d9c-aaf188c9a28c', '2025-10-05 10:38:33+00', 'START', 'DATASET', 'schema', '{"schema": {"fields": [{"name": "id", "type": "INTEGER", "description": "The ID of the menu item."}, {"name": "name", "type": "VARCHAR", "description": "The name of the menu item."}, {"name": "price", "type": "VARCHAR", "description": "The price of the menu item."}, {"name": "category_id", "type": "VARCHAR", "description": "The ID of the category related to the item."}, {"name": "description", "type": "TEXT", "description": "The description of the menu item."}], "_producer": "https://github.com/MarquezProject/marquez/blob/main/docker/metadata.json", "_schemaURL": "https://openlineage.io/spec/facets/1-0-0/SchemaDatasetFacet.json"}}');
INSERT INTO public.dataset_facets (created_at, dataset_uuid, dataset_version_uuid, run_uuid, lineage_event_time, lineage_event_type, type, name, facet) VALUES ('2025-10-05 10:38:47.72198+00', '84e5ecdf-4681-4d6a-a1de-935ed0cf7e30', 'd24f7ddf-50bb-4d7d-9b9c-6efb21ff1e0f', 'e05901b1-3a06-4b98-8d9c-aaf188c9a28c', '2025-10-05 10:38:33+00', 'START', 'DATASET', 'dataSource', '{"dataSource": {"uri": "postgres://food_delivery:food_delivery@postgres:5432/food_delivery", "name": "food_delivery_db", "_producer": "https://github.com/MarquezProject/marquez/blob/main/docker/metadata.json", "_schemaURL": "https://openlineage.io/spec/facets/1-0-0/DatasourceDatasetFacet.json"}}');
INSERT INTO public.dataset_facets (created_at, dataset_uuid, dataset_version_uuid, run_uuid, lineage_event_time, lineage_event_type, type, name, facet) VALUES ('2025-10-05 10:38:50.120565+00', '21dae454-f4aa-4d90-9082-6d85460bfae6', 'd8022bed-3ad3-483b-adf3-880b34992412', 'a43a8523-349f-4296-807f-3354ac491990', '2025-10-05 10:38:33+00', 'START', 'DATASET', 'documentation', '{"documentation": {"_producer": "https://github.com/MarquezProject/marquez/blob/main/docker/metadata.json", "_schemaURL": "https://openlineage.io/spec/facets/1-0-0/DocumentationDatasetFacet.json", "description": "A table for orders."}}');
INSERT INTO public.dataset_facets (created_at, dataset_uuid, dataset_version_uuid, run_uuid, lineage_event_time, lineage_event_type, type, name, facet) VALUES ('2025-10-05 10:38:50.120565+00', '21dae454-f4aa-4d90-9082-6d85460bfae6', 'd8022bed-3ad3-483b-adf3-880b34992412', 'a43a8523-349f-4296-807f-3354ac491990', '2025-10-05 10:38:33+00', 'START', 'DATASET', 'schema', '{"schema": {"fields": [{"name": "id", "type": "INTEGER", "description": "The unique ID of the order."}, {"name": "placed_on", "type": "TIMESTAMP", "description": "An ISO-8601 timestamp representing the date/time the order was placed."}, {"name": "menu_item_id", "type": "INTEGER", "description": "The ID of the menu item related to the order."}, {"name": "quantity", "type": "INTEGER", "description": "The number of the item in the order."}, {"name": "discount_id", "type": "INTEGER", "description": "The unique ID of the discount applied to the order."}, {"name": "comment", "type": "TEXT", "description": "The comment of the order."}], "_producer": "https://github.com/MarquezProject/marquez/blob/main/docker/metadata.json", "_schemaURL": "https://openlineage.io/spec/facets/1-0-0/SchemaDatasetFacet.json"}}');
INSERT INTO public.dataset_facets (created_at, dataset_uuid, dataset_version_uuid, run_uuid, lineage_event_time, lineage_event_type, type, name, facet) VALUES ('2025-10-05 10:38:50.120565+00', '21dae454-f4aa-4d90-9082-6d85460bfae6', 'd8022bed-3ad3-483b-adf3-880b34992412', 'a43a8523-349f-4296-807f-3354ac491990', '2025-10-05 10:38:33+00', 'START', 'DATASET', 'dataSource', '{"dataSource": {"uri": "postgres://food_delivery:food_delivery@postgres:5432/food_delivery", "name": "food_delivery_db", "_producer": "https://github.com/MarquezProject/marquez/blob/main/docker/metadata.json", "_schemaURL": "https://openlineage.io/spec/facets/1-0-0/DatasourceDatasetFacet.json"}}');
INSERT INTO public.dataset_facets (created_at, dataset_uuid, dataset_version_uuid, run_uuid, lineage_event_time, lineage_event_type, type, name, facet) VALUES ('2025-10-05 10:38:55.017263+00', 'a0b5b4ee-be79-4851-bac4-8cb4a51bdd99', '7e03a5ca-e682-4afb-b637-722c3dd65151', 'ffba2c14-4170-48da-bec3-ab5fd4ec9a3f', '2025-10-05 10:38:33+00', 'START', 'DATASET', 'documentation', '{"documentation": {"_producer": "https://github.com/MarquezProject/marquez/blob/main/docker/metadata.json", "_schemaURL": "https://openlineage.io/spec/facets/1-0-0/DocumentationDatasetFacet.json", "description": "A table for weekly orders."}}');
INSERT INTO public.dataset_facets (created_at, dataset_uuid, dataset_version_uuid, run_uuid, lineage_event_time, lineage_event_type, type, name, facet) VALUES ('2025-10-05 10:38:55.017263+00', 'a0b5b4ee-be79-4851-bac4-8cb4a51bdd99', '7e03a5ca-e682-4afb-b637-722c3dd65151', 'ffba2c14-4170-48da-bec3-ab5fd4ec9a3f', '2025-10-05 10:38:33+00', 'START', 'DATASET', 'schema', '{"schema": {"fields": [{"name": "order_id", "type": "INTEGER", "description": "The ID of the order."}, {"name": "placed_on", "type": "TIMESTAMP", "description": "An ISO-8601 timestamp representing the date/time the order was placed."}, {"name": "discount_id", "type": "INTEGER", "description": "The ID of the discount applied to the order."}, {"name": "restaurant_id", "type": "INTEGER", "description": "The ID of the restaurant related to the order."}, {"name": "menu_id", "type": "INTEGER", "description": "The ID of the menu related to the order."}, {"name": "menu_item_id", "type": "INTEGER", "description": "The ID of the menu item related to the order."}, {"name": "category_id", "type": "INTEGER", "description": "The ID of category related to the order."}], "_producer": "https://github.com/MarquezProject/marquez/blob/main/docker/metadata.json", "_schemaURL": "https://openlineage.io/spec/facets/1-0-0/SchemaDatasetFacet.json"}}');
INSERT INTO public.dataset_facets (created_at, dataset_uuid, dataset_version_uuid, run_uuid, lineage_event_time, lineage_event_type, type, name, facet) VALUES ('2025-10-05 10:38:55.017263+00', 'a0b5b4ee-be79-4851-bac4-8cb4a51bdd99', '7e03a5ca-e682-4afb-b637-722c3dd65151', 'ffba2c14-4170-48da-bec3-ab5fd4ec9a3f', '2025-10-05 10:38:33+00', 'START', 'DATASET', 'dataSource', '{"dataSource": {"uri": "postgres://food_delivery:food_delivery@postgres:5432/food_delivery", "name": "food_delivery_db", "_producer": "https://github.com/MarquezProject/marquez/blob/main/docker/metadata.json", "_schemaURL": "https://openlineage.io/spec/facets/1-0-0/DatasourceDatasetFacet.json"}}');
INSERT INTO public.dataset_facets (created_at, dataset_uuid, dataset_version_uuid, run_uuid, lineage_event_time, lineage_event_type, type, name, facet) VALUES ('2025-10-05 10:38:55.017263+00', 'a0b5b4ee-be79-4851-bac4-8cb4a51bdd99', '7e03a5ca-e682-4afb-b637-722c3dd65151', 'ffba2c14-4170-48da-bec3-ab5fd4ec9a3f', '2025-10-05 10:38:33+00', 'START', 'DATASET', 'columnLineage', '{"columnLineage": {"fields": {"menu_id": {"inputFields": [{"name": "public.menus", "field": "id", "namespace": "food_delivery"}, {"name": "public.categories", "field": "menu_id", "namespace": "food_delivery"}]}, "order_id": {"inputFields": [{"name": "public.orders", "field": "id", "namespace": "food_delivery"}]}, "placed_on": {"inputFields": [{"name": "public.orders", "field": "placed_on", "namespace": "food_delivery"}]}, "category_id": {"inputFields": [{"name": "public.categories", "field": "id", "namespace": "food_delivery"}, {"name": "public.menu_items", "field": "category_id", "namespace": "food_delivery"}]}, "discount_id": {"inputFields": [{"name": "public.orders", "field": "discount_id", "namespace": "food_delivery"}]}, "menu_item_id": {"inputFields": [{"name": "public.menu_items", "field": "id", "namespace": "food_delivery"}, {"name": "public.orders", "field": "menu_item_id", "namespace": "food_delivery"}]}, "restaurant_id": {"inputFields": [{"name": "public.menus", "field": "restaurant_id", "namespace": "food_delivery"}]}}, "_producer": "https://github.com/MarquezProject/marquez/blob/main/docker/metadata.json", "_schemaURL": "https://openlineage.io/spec/facets/1-0-1/ColumnLineageDatasetFacet.json"}}');
INSERT INTO public.dataset_facets (created_at, dataset_uuid, dataset_version_uuid, run_uuid, lineage_event_time, lineage_event_type, type, name, facet) VALUES ('2025-10-05 10:38:57.880298+00', '8664f9e0-e8e0-4cbb-8d1a-7e546f6e0f3c', '16d5ecfe-2283-4c8c-a942-e451f5cda797', '182a9eaf-881a-4d49-860c-f7e260b8bf60', '2025-10-05 10:38:33+00', 'START', 'DATASET', 'documentation', '{"documentation": {"_producer": "https://github.com/MarquezProject/marquez/blob/main/docker/metadata.json", "_schemaURL": "https://openlineage.io/spec/facets/1-0-0/DocumentationDatasetFacet.json", "description": "A table for customers."}}');
INSERT INTO public.dataset_facets (created_at, dataset_uuid, dataset_version_uuid, run_uuid, lineage_event_time, lineage_event_type, type, name, facet) VALUES ('2025-10-05 10:38:57.880298+00', '8664f9e0-e8e0-4cbb-8d1a-7e546f6e0f3c', '16d5ecfe-2283-4c8c-a942-e451f5cda797', '182a9eaf-881a-4d49-860c-f7e260b8bf60', '2025-10-05 10:38:33+00', 'START', 'DATASET', 'schema', '{"schema": {"fields": [{"name": "id", "type": "INTEGER", "description": "The unique ID of the customer."}, {"name": "created_at", "type": "TIMESTAMP", "description": "An ISO-8601 timestamp representing the date/time the customer was created."}, {"name": "updated_at", "type": "TIMESTAMP", "description": "An ISO-8601 timestamp representing the date/time the customer was updated."}, {"name": "name", "type": "VARCHAR", "description": "The name of the customer."}, {"name": "email", "type": "VARCHAR", "description": "The email address of the customer."}, {"name": "address", "type": "VARCHAR", "description": "The address of the customer."}, {"name": "phone", "type": "VARCHAR", "description": "The phone number of the customer."}, {"name": "city_id", "type": "INTEGER", "description": "The ID of the city related to the customer."}], "_producer": "https://github.com/MarquezProject/marquez/blob/main/docker/metadata.json", "_schemaURL": "https://openlineage.io/spec/facets/1-0-0/SchemaDatasetFacet.json"}}');
INSERT INTO public.dataset_facets (created_at, dataset_uuid, dataset_version_uuid, run_uuid, lineage_event_time, lineage_event_type, type, name, facet) VALUES ('2025-10-05 10:38:57.880298+00', '8664f9e0-e8e0-4cbb-8d1a-7e546f6e0f3c', '16d5ecfe-2283-4c8c-a942-e451f5cda797', '182a9eaf-881a-4d49-860c-f7e260b8bf60', '2025-10-05 10:38:33+00', 'START', 'DATASET', 'dataSource', '{"dataSource": {"uri": "postgres://food_delivery:food_delivery@postgres:5432/food_delivery", "name": "food_delivery_db", "_producer": "https://github.com/MarquezProject/marquez/blob/main/docker/metadata.json", "_schemaURL": "https://openlineage.io/spec/facets/1-0-0/DatasourceDatasetFacet.json"}}');
INSERT INTO public.dataset_facets (created_at, dataset_uuid, dataset_version_uuid, run_uuid, lineage_event_time, lineage_event_type, type, name, facet) VALUES ('2025-10-05 10:39:02.73804+00', '7d6a88dc-bd8f-4317-9f62-4ebe36c71133', '0a03d2d8-6d03-47ac-92cd-6043ac8d41ea', '9f3db1c5-5e9a-4280-8184-18aca4592c77', '2025-10-05 10:38:33+00', 'START', 'DATASET', 'documentation', '{"documentation": {"_producer": "https://github.com/MarquezProject/marquez/blob/main/docker/metadata.json", "_schemaURL": "https://openlineage.io/spec/facets/1-0-0/DocumentationDatasetFacet.json", "description": "A table for drivers."}}');
INSERT INTO public.dataset_facets (created_at, dataset_uuid, dataset_version_uuid, run_uuid, lineage_event_time, lineage_event_type, type, name, facet) VALUES ('2025-10-05 10:39:02.73804+00', '7d6a88dc-bd8f-4317-9f62-4ebe36c71133', '0a03d2d8-6d03-47ac-92cd-6043ac8d41ea', '9f3db1c5-5e9a-4280-8184-18aca4592c77', '2025-10-05 10:38:33+00', 'START', 'DATASET', 'schema', '{"schema": {"fields": [{"name": "id", "type": "INTEGER", "description": "The unique ID of the driver."}, {"name": "created_at", "type": "TIMESTAMP", "description": "An ISO-8601 timestamp representing the date/time the driver was created."}, {"name": "updated_at", "type": "TIMESTAMP", "description": "An ISO-8601 timestamp representing the date/time the driver was updated."}, {"name": "name", "type": "VARCHAR", "description": "The name of the driver."}, {"name": "email", "type": "VARCHAR", "description": "The email of the driver."}, {"name": "phone", "type": "VARCHAR", "description": "The phone number of the driver."}, {"name": "car_make", "type": "VARCHAR", "description": "The make of the car."}, {"name": "car_model", "type": "VARCHAR", "description": "The model of the car."}, {"name": "car_year", "type": "VARCHAR", "description": "The year of the car."}, {"name": "car_color", "type": "VARCHAR", "description": "The color of the car."}, {"name": "car_license_plate", "type": "VARCHAR", "description": "The license plate number of the car."}], "_producer": "https://github.com/MarquezProject/marquez/blob/main/docker/metadata.json", "_schemaURL": "https://openlineage.io/spec/facets/1-0-0/SchemaDatasetFacet.json"}}');
INSERT INTO public.dataset_facets (created_at, dataset_uuid, dataset_version_uuid, run_uuid, lineage_event_time, lineage_event_type, type, name, facet) VALUES ('2025-10-05 10:39:02.73804+00', '7d6a88dc-bd8f-4317-9f62-4ebe36c71133', '0a03d2d8-6d03-47ac-92cd-6043ac8d41ea', '9f3db1c5-5e9a-4280-8184-18aca4592c77', '2025-10-05 10:38:33+00', 'START', 'DATASET', 'dataSource', '{"dataSource": {"uri": "postgres://food_delivery:food_delivery@postgres:5432/food_delivery", "name": "food_delivery_db", "_producer": "https://github.com/MarquezProject/marquez/blob/main/docker/metadata.json", "_schemaURL": "https://openlineage.io/spec/facets/1-0-0/DatasourceDatasetFacet.json"}}');
INSERT INTO public.dataset_facets (created_at, dataset_uuid, dataset_version_uuid, run_uuid, lineage_event_time, lineage_event_type, type, name, facet) VALUES ('2025-10-05 10:39:04.961933+00', '2a265120-ce71-4640-9a55-bc5dbfc1924f', 'f8641f90-ff04-42b8-9c5f-1aecaaa954fc', '8ddfb1d9-415f-4850-bcd6-01d02f011abe', '2025-10-05 10:38:33+00', 'START', 'DATASET', 'documentation', '{"documentation": {"_producer": "https://github.com/MarquezProject/marquez/blob/main/docker/metadata.json", "_schemaURL": "https://openlineage.io/spec/facets/1-0-0/DocumentationDatasetFacet.json", "description": "A table for restaurants."}}');
INSERT INTO public.dataset_facets (created_at, dataset_uuid, dataset_version_uuid, run_uuid, lineage_event_time, lineage_event_type, type, name, facet) VALUES ('2025-10-05 10:39:00.502091+00', '5d8a8f7f-ed35-4d4f-b9f4-c7f2fcbc5213', 'c2507378-68b1-4b1e-b507-536214c6911a', 'b7098939-87f0-4207-878f-dfd8e8804d8a', '2025-10-05 10:38:33+00', 'START', 'DATASET', 'documentation', '{"documentation": {"_producer": "https://github.com/MarquezProject/marquez/blob/main/docker/metadata.json", "_schemaURL": "https://openlineage.io/spec/facets/1-0-0/DocumentationDatasetFacet.json", "description": "A table for order status."}}');
INSERT INTO public.dataset_facets (created_at, dataset_uuid, dataset_version_uuid, run_uuid, lineage_event_time, lineage_event_type, type, name, facet) VALUES ('2025-10-05 10:39:00.502091+00', '5d8a8f7f-ed35-4d4f-b9f4-c7f2fcbc5213', 'c2507378-68b1-4b1e-b507-536214c6911a', 'b7098939-87f0-4207-878f-dfd8e8804d8a', '2025-10-05 10:38:33+00', 'START', 'DATASET', 'schema', '{"schema": {"fields": [{"name": "id", "type": "INTEGER", "description": "The unique ID of the order status."}, {"name": "transitioned_at", "type": "TIMESTAMP", "description": "An ISO-8601 timestamp representing the date/time the order status was transitioned."}, {"name": "status", "type": "VARCHAR", "description": "The status of the order."}, {"name": "order_id", "type": "INTEGER", "description": "The ID of the order related to the order status."}, {"name": "customer_id", "type": "INTEGER", "description": "The ID of the customer related to the order status."}, {"name": "restaurant_id", "type": "INTEGER", "description": "The ID of the restaurant related to the order status."}, {"name": "driver_id", "type": "INTEGER", "description": "The ID of the driver related to the order status."}], "_producer": "https://github.com/MarquezProject/marquez/blob/main/docker/metadata.json", "_schemaURL": "https://openlineage.io/spec/facets/1-0-0/SchemaDatasetFacet.json"}}');
INSERT INTO public.dataset_facets (created_at, dataset_uuid, dataset_version_uuid, run_uuid, lineage_event_time, lineage_event_type, type, name, facet) VALUES ('2025-10-05 10:39:00.502091+00', '5d8a8f7f-ed35-4d4f-b9f4-c7f2fcbc5213', 'c2507378-68b1-4b1e-b507-536214c6911a', 'b7098939-87f0-4207-878f-dfd8e8804d8a', '2025-10-05 10:38:33+00', 'START', 'DATASET', 'dataSource', '{"dataSource": {"uri": "postgres://food_delivery:food_delivery@postgres:5432/food_delivery", "name": "food_delivery_db", "_producer": "https://github.com/MarquezProject/marquez/blob/main/docker/metadata.json", "_schemaURL": "https://openlineage.io/spec/facets/1-0-0/DatasourceDatasetFacet.json"}}');
INSERT INTO public.dataset_facets (created_at, dataset_uuid, dataset_version_uuid, run_uuid, lineage_event_time, lineage_event_type, type, name, facet) VALUES ('2025-10-05 10:39:10.488485+00', 'c1310e8f-76e1-4792-bf2d-823138dcf570', '5cb4cd3c-6fa7-4789-9a87-ca85a97b2287', 'd5a2a4c4-fc78-428d-ae85-08c942ed8371', '2025-10-05 10:38:33+00', 'START', 'DATASET', 'documentation', '{"documentation": {"_producer": "https://github.com/MarquezProject/marquez/blob/main/docker/metadata.json", "_schemaURL": "https://openlineage.io/spec/facets/1-0-0/DocumentationDatasetFacet.json", "description": "A table for weekly deliveries."}}');
INSERT INTO public.dataset_facets (created_at, dataset_uuid, dataset_version_uuid, run_uuid, lineage_event_time, lineage_event_type, type, name, facet) VALUES ('2025-10-05 10:39:10.488485+00', 'c1310e8f-76e1-4792-bf2d-823138dcf570', '5cb4cd3c-6fa7-4789-9a87-ca85a97b2287', 'd5a2a4c4-fc78-428d-ae85-08c942ed8371', '2025-10-05 10:38:33+00', 'START', 'DATASET', 'schema', '{"schema": {"fields": [{"name": "order_id", "type": "INTEGER", "description": "The ID of the order."}, {"name": "order_placed_on", "type": "TIMESTAMP", "description": "An ISO-8601 timestamp representing the date/time the order was placed."}, {"name": "order_dispatched_on", "type": "TIMESTAMP", "description": "An ISO-8601 timestamp representing the date/time the order was dispatched."}, {"name": "order_delivered_on", "type": "TIMESTAMP", "description": "An ISO-8601 timestamp representing the date/time the order was delivered."}, {"name": "customer_email", "type": "VARCHAR", "description": "The email address of the customer."}, {"name": "customer_address", "type": "VARCHAR", "description": "The physical address of the customer."}, {"name": "menu_id", "type": "INTEGER", "description": "The ID of the menu related to the order."}, {"name": "restaurant_id", "type": "INTEGER", "description": "The ID of the restaurant."}, {"name": "restaurant_address", "type": "VARCHAR", "description": "The physical address of the restaurant."}, {"name": "menu_item_id", "type": "INTEGER", "description": "The ID of the menu item related to the order."}, {"name": "category_id", "type": "INTEGER", "description": "The ID of category related to the order."}, {"name": "discount_id", "type": "INTEGER", "description": "The ID of the discount applied to the order"}, {"name": "city_id", "type": "INTEGER", "description": "The ID of the city related to the order."}, {"name": "driver_id", "type": "INTEGER", "description": "The ID of the driver related to the order."}], "_producer": "https://github.com/MarquezProject/marquez/blob/main/docker/metadata.json", "_schemaURL": "https://openlineage.io/spec/facets/1-0-0/SchemaDatasetFacet.json"}}');
INSERT INTO public.dataset_facets (created_at, dataset_uuid, dataset_version_uuid, run_uuid, lineage_event_time, lineage_event_type, type, name, facet) VALUES ('2025-10-05 10:39:10.488485+00', 'c1310e8f-76e1-4792-bf2d-823138dcf570', '5cb4cd3c-6fa7-4789-9a87-ca85a97b2287', 'd5a2a4c4-fc78-428d-ae85-08c942ed8371', '2025-10-05 10:38:33+00', 'START', 'DATASET', 'dataSource', '{"dataSource": {"uri": "postgres://food_delivery:food_delivery@postgres:5432/food_delivery", "name": "food_delivery_db", "_producer": "https://github.com/MarquezProject/marquez/blob/main/docker/metadata.json", "_schemaURL": "https://openlineage.io/spec/facets/1-0-0/DatasourceDatasetFacet.json"}}');
INSERT INTO public.dataset_facets (created_at, dataset_uuid, dataset_version_uuid, run_uuid, lineage_event_time, lineage_event_type, type, name, facet) VALUES ('2025-10-05 10:39:10.488485+00', 'c1310e8f-76e1-4792-bf2d-823138dcf570', '5cb4cd3c-6fa7-4789-9a87-ca85a97b2287', 'd5a2a4c4-fc78-428d-ae85-08c942ed8371', '2025-10-05 10:38:33+00', 'START', 'DATASET', 'columnLineage', '{"columnLineage": {"fields": {"menu_id": {"inputFields": [{"name": "public.orders_7_days", "field": "menu_id", "namespace": "food_delivery"}]}, "order_id": {"inputFields": [{"name": "public.orders_7_days", "field": "order_id", "namespace": "food_delivery"}, {"name": "public.order_status", "field": "order_id", "namespace": "food_delivery"}]}, "driver_id": {"inputFields": [{"name": "public.drivers", "field": "id", "namespace": "food_delivery"}, {"name": "public.order_status", "field": "driver_id", "namespace": "food_delivery"}]}, "category_id": {"inputFields": [{"name": "public.menu_item_id", "field": "category_id", "namespace": "food_delivery"}]}, "discount_id": {"inputFields": [{"name": "public.orders_7_days", "field": "discount_id", "namespace": "food_delivery"}]}, "menu_item_id": {"inputFields": [{"name": "public.restaurants", "field": "menu_item_id", "namespace": "food_delivery"}]}, "restaurant_id": {"inputFields": [{"name": "public.orders_7_days", "field": "restaurant_id", "namespace": "food_delivery"}, {"name": "public.restaurants", "field": "id", "namespace": "food_delivery"}]}, "customer_email": {"inputFields": [{"name": "public.customers", "field": "email", "namespace": "food_delivery"}]}, "order_placed_on": {"inputFields": [{"name": "public.orders_7_days", "field": "placed_on", "namespace": "food_delivery"}]}, "customer_address": {"inputFields": [{"name": "public.customers", "field": "address", "namespace": "food_delivery"}]}, "order_delivered_on": {"inputFields": [{"name": "public.order_status", "field": "transitioned_at", "namespace": "food_delivery"}]}, "restaurant_address": {"inputFields": [{"name": "public.restaurants", "field": "address", "namespace": "food_delivery"}]}, "order_dispatched_on": {"inputFields": [{"name": "public.order_status", "field": "transitioned_at", "namespace": "food_delivery"}]}}, "_producer": "https://github.com/MarquezProject/marquez/blob/main/docker/metadata.json", "_schemaURL": "https://openlineage.io/spec/facets/1-0-1/ColumnLineageDatasetFacet.json"}}');
INSERT INTO public.dataset_facets (created_at, dataset_uuid, dataset_version_uuid, run_uuid, lineage_event_time, lineage_event_type, type, name, facet) VALUES ('2025-10-05 10:39:10.488485+00', 'c1310e8f-76e1-4792-bf2d-823138dcf570', '5cb4cd3c-6fa7-4789-9a87-ca85a97b2287', 'd5a2a4c4-fc78-428d-ae85-08c942ed8371', '2025-10-05 10:38:33+00', 'START', 'INPUT', 'dataQualityAssertions', '{"dataQualityAssertions": {"_producer": "https://github.com/MarquezProject/marquez/blob/main/docker/metadata.json", "_schemaURL": "https://openlineage.io/spec/facets/1-0-0/DataQualityAssertionsDatasetFacet.json", "assertions": [{"column": "driver_id", "success": false, "assertion": "not_null"}, {"column": "customer_address", "success": true, "assertion": "is_string"}]}}');
INSERT INTO public.dataset_facets (created_at, dataset_uuid, dataset_version_uuid, run_uuid, lineage_event_time, lineage_event_type, type, name, facet) VALUES ('2025-10-05 10:39:14.063928+00', '974c691c-b523-451d-9a9a-c6daf27fa2f5', 'c5eb49ec-b6bf-4a18-ae9d-b659b4f1aac0', 'bd41a42a-bf18-4b74-9bb7-cd62637823d8', '2025-10-05 10:38:33+00', 'START', 'DATASET', 'documentation', '{"documentation": {"_producer": "https://github.com/MarquezProject/marquez/blob/main/docker/metadata.json", "_schemaURL": "https://openlineage.io/spec/facets/1-0-0/DocumentationDatasetFacet.json", "description": "A table for top delivery times."}}');
INSERT INTO public.dataset_facets (created_at, dataset_uuid, dataset_version_uuid, run_uuid, lineage_event_time, lineage_event_type, type, name, facet) VALUES ('2025-10-05 10:39:14.063928+00', '974c691c-b523-451d-9a9a-c6daf27fa2f5', 'c5eb49ec-b6bf-4a18-ae9d-b659b4f1aac0', 'bd41a42a-bf18-4b74-9bb7-cd62637823d8', '2025-10-05 10:38:33+00', 'START', 'DATASET', 'schema', '{"schema": {"fields": [{"name": "order_id", "type": "INTEGER", "description": "The ID of the order."}, {"name": "order_placed_on", "type": "TIMESTAMP", "description": "An ISO-8601 timestamp representing the date/time the order was placed."}, {"name": "order_delivered_on", "type": "TIMESTAMP", "description": "An ISO-8601 timestamp representing the date/time the order was delivered."}, {"name": "order_delivery_time", "type": "TIMESTAMP", "description": "An ISO-8601 timestamp representing the total time of delivery."}, {"name": "customer_email", "type": "VARCHAR", "description": "The email address of the customer."}, {"name": "restaurant_id", "type": "INTEGER", "description": "The ID of the restaurant related to the order."}, {"name": "driver_id", "type": "INTEGER", "description": "The ID of the driver related to the order."}], "_producer": "https://github.com/MarquezProject/marquez/blob/main/docker/metadata.json", "_schemaURL": "https://openlineage.io/spec/facets/1-0-0/SchemaDatasetFacet.json"}}');
INSERT INTO public.dataset_facets (created_at, dataset_uuid, dataset_version_uuid, run_uuid, lineage_event_time, lineage_event_type, type, name, facet) VALUES ('2025-10-05 10:39:04.961933+00', '2a265120-ce71-4640-9a55-bc5dbfc1924f', 'f8641f90-ff04-42b8-9c5f-1aecaaa954fc', '8ddfb1d9-415f-4850-bcd6-01d02f011abe', '2025-10-05 10:38:33+00', 'START', 'DATASET', 'schema', '{"schema": {"fields": [{"name": "id", "type": "INTEGER", "description": "The unique ID of the restaurant."}, {"name": "created_at", "type": "TIMESTAMP", "description": "An ISO-8601 timestamp representing the date/time the restaurant was created."}, {"name": "updated_at", "type": "TIMESTAMP", "description": "An ISO-8601 timestamp representing the date/time the restaurant was updated."}, {"name": "name", "type": "VARCHAR", "description": "The name of the restaurant."}, {"name": "email", "type": "VARCHAR", "description": "The email address of the restaurant."}, {"name": "address", "type": "VARCHAR", "description": "The address of the restaurant."}, {"name": "phone", "type": "VARCHAR", "description": "The phone number of the restaurant."}, {"name": "city_id", "type": "INTEGER", "description": "The ID of the city related to the restaurant."}, {"name": "business_hours_id", "type": "INTEGER", "description": "The ID of the business hours related to the restaurant."}, {"name": "description", "type": "TEXT", "description": "The description of the restaurant."}], "_producer": "https://github.com/MarquezProject/marquez/blob/main/docker/metadata.json", "_schemaURL": "https://openlineage.io/spec/facets/1-0-0/SchemaDatasetFacet.json"}}');
INSERT INTO public.dataset_facets (created_at, dataset_uuid, dataset_version_uuid, run_uuid, lineage_event_time, lineage_event_type, type, name, facet) VALUES ('2025-10-05 10:39:04.961933+00', '2a265120-ce71-4640-9a55-bc5dbfc1924f', 'f8641f90-ff04-42b8-9c5f-1aecaaa954fc', '8ddfb1d9-415f-4850-bcd6-01d02f011abe', '2025-10-05 10:38:33+00', 'START', 'DATASET', 'dataSource', '{"dataSource": {"uri": "postgres://food_delivery:food_delivery@postgres:5432/food_delivery", "name": "food_delivery_db", "_producer": "https://github.com/MarquezProject/marquez/blob/main/docker/metadata.json", "_schemaURL": "https://openlineage.io/spec/facets/1-0-0/DatasourceDatasetFacet.json"}}');
INSERT INTO public.dataset_facets (created_at, dataset_uuid, dataset_version_uuid, run_uuid, lineage_event_time, lineage_event_type, type, name, facet) VALUES ('2025-10-05 10:39:14.063928+00', '974c691c-b523-451d-9a9a-c6daf27fa2f5', 'c5eb49ec-b6bf-4a18-ae9d-b659b4f1aac0', 'bd41a42a-bf18-4b74-9bb7-cd62637823d8', '2025-10-05 10:38:33+00', 'START', 'DATASET', 'dataSource', '{"dataSource": {"uri": "postgres://food_delivery:food_delivery@postgres:5432/food_delivery", "name": "food_delivery_db", "_producer": "https://github.com/MarquezProject/marquez/blob/main/docker/metadata.json", "_schemaURL": "https://openlineage.io/spec/facets/1-0-0/DatasourceDatasetFacet.json"}}');
INSERT INTO public.dataset_facets (created_at, dataset_uuid, dataset_version_uuid, run_uuid, lineage_event_time, lineage_event_type, type, name, facet) VALUES ('2025-10-05 10:39:14.063928+00', '974c691c-b523-451d-9a9a-c6daf27fa2f5', 'c5eb49ec-b6bf-4a18-ae9d-b659b4f1aac0', 'bd41a42a-bf18-4b74-9bb7-cd62637823d8', '2025-10-05 10:38:33+00', 'START', 'DATASET', 'columnLineage', '{"columnLineage": {"fields": {"order_id": {"inputFields": [{"name": "public.delivery_7_days", "field": "order_id", "namespace": "food_delivery"}]}, "driver_id": {"inputFields": [{"name": "public.delivery_7_days", "field": "driver_id", "namespace": "food_delivery"}]}, "restaurant_id": {"inputFields": [{"name": "public.delivery_7_days", "field": "restaurant_id", "namespace": "food_delivery"}]}, "customer_email": {"inputFields": [{"name": "public.delivery_7_days", "field": "customer_email", "namespace": "food_delivery"}]}, "order_placed_on": {"inputFields": [{"name": "public.delivery_7_days", "field": "order_placed_on", "namespace": "food_delivery"}]}, "order_delivered_on": {"inputFields": [{"name": "public.delivery_7_days", "field": "order_delivered_on", "namespace": "food_delivery"}]}, "order_delivery_time": {"inputFields": [{"name": "public.delivery_7_days", "field": "order_placed_on", "namespace": "food_delivery"}, {"name": "public.delivery_7_days", "field": "order_delivered_on", "namespace": "food_delivery"}]}}, "_producer": "https://github.com/MarquezProject/marquez/blob/main/docker/metadata.json", "_schemaURL": "https://openlineage.io/spec/facets/1-0-1/ColumnLineageDatasetFacet.json"}}');
INSERT INTO public.dataset_facets (created_at, dataset_uuid, dataset_version_uuid, run_uuid, lineage_event_time, lineage_event_type, type, name, facet) VALUES ('2025-10-05 10:39:14.590603+00', '43abdbba-8614-4fd4-bbaa-80fbe5b6203a', 'e2e4b1bf-1801-491a-b4a9-d7cb18bf198a', 'bd41a42a-bf18-4b74-9bb7-cd62637823d8', '2025-10-05 10:38:33+00', 'START', 'DATASET', 'documentation', '{"documentation": {"_producer": "https://github.com/MarquezProject/marquez/blob/main/docker/metadata.json", "_schemaURL": "https://openlineage.io/spec/facets/1-0-0/DocumentationDatasetFacet.json", "description": "A table for discounts."}}');
INSERT INTO public.dataset_facets (created_at, dataset_uuid, dataset_version_uuid, run_uuid, lineage_event_time, lineage_event_type, type, name, facet) VALUES ('2025-10-05 10:39:14.590603+00', '43abdbba-8614-4fd4-bbaa-80fbe5b6203a', 'e2e4b1bf-1801-491a-b4a9-d7cb18bf198a', 'bd41a42a-bf18-4b74-9bb7-cd62637823d8', '2025-10-05 10:38:33+00', 'START', 'DATASET', 'schema', '{"schema": {"fields": [{"name": "id", "type": "INTEGER", "description": "The unique ID of the discount."}, {"name": "amount_off", "type": "INTEGER", "description": "The amount of the discount."}, {"name": "customer_email", "type": "VARCHAR", "description": "The email address of the customer."}, {"name": "starts_on", "type": "TIMESTAMP", "description": "An ISO-8601 timestamp representing the date/time the discount starts."}, {"name": "ends_on", "type": "TIMESTAMP", "description": "An ISO-8601 timestamp representing the date/time the discount ends."}], "_producer": "https://github.com/MarquezProject/marquez/blob/main/docker/metadata.json", "_schemaURL": "https://openlineage.io/spec/facets/1-0-0/SchemaDatasetFacet.json"}}');
INSERT INTO public.dataset_facets (created_at, dataset_uuid, dataset_version_uuid, run_uuid, lineage_event_time, lineage_event_type, type, name, facet) VALUES ('2025-10-05 10:39:14.590603+00', '43abdbba-8614-4fd4-bbaa-80fbe5b6203a', 'e2e4b1bf-1801-491a-b4a9-d7cb18bf198a', 'bd41a42a-bf18-4b74-9bb7-cd62637823d8', '2025-10-05 10:38:33+00', 'START', 'DATASET', 'dataSource', '{"dataSource": {"uri": "postgres://food_delivery:food_delivery@postgres:5432/food_delivery", "name": "food_delivery_db", "_producer": "https://github.com/MarquezProject/marquez/blob/main/docker/metadata.json", "_schemaURL": "https://openlineage.io/spec/facets/1-0-0/DatasourceDatasetFacet.json"}}');
INSERT INTO public.dataset_facets (created_at, dataset_uuid, dataset_version_uuid, run_uuid, lineage_event_time, lineage_event_type, type, name, facet) VALUES ('2025-10-05 10:39:14.590603+00', '43abdbba-8614-4fd4-bbaa-80fbe5b6203a', 'e2e4b1bf-1801-491a-b4a9-d7cb18bf198a', 'bd41a42a-bf18-4b74-9bb7-cd62637823d8', '2025-10-05 10:38:33+00', 'START', 'DATASET', 'columnLineage', '{"columnLineage": {"fields": {"amount_off": {"inputFields": [{"name": "public.delivery_7_days", "field": "order_placed_on", "namespace": "food_delivery"}, {"name": "public.delivery_7_days", "field": "order_delivered_on", "namespace": "food_delivery"}]}, "customer_email": {"inputFields": [{"name": "public.delivery_7_days", "field": "customer_email", "namespace": "food_delivery"}]}}, "_producer": "https://github.com/MarquezProject/marquez/blob/main/docker/metadata.json", "_schemaURL": "https://openlineage.io/spec/facets/1-0-1/ColumnLineageDatasetFacet.json"}}');
INSERT INTO public.dataset_facets (created_at, dataset_uuid, dataset_version_uuid, run_uuid, lineage_event_time, lineage_event_type, type, name, facet) VALUES ('2025-10-05 10:39:16.647426+00', 'dbc2eeef-7b3c-4809-8cc5-b82c2dfa4b41', '075c9ceb-f73d-4fcf-812b-cee8fa0f1358', 'adc8507c-595e-4d76-9dac-be2bf0ffe1ee', '2025-10-05 10:38:33+00', 'START', 'DATASET', 'documentation', '{"documentation": {"_producer": "https://github.com/MarquezProject/marquez/blob/main/docker/metadata.json", "_schemaURL": "https://openlineage.io/spec/facets/1-0-0/DocumentationDatasetFacet.json", "description": "A table for popular orders by day of week."}}');
INSERT INTO public.dataset_facets (created_at, dataset_uuid, dataset_version_uuid, run_uuid, lineage_event_time, lineage_event_type, type, name, facet) VALUES ('2025-10-05 10:39:16.647426+00', 'dbc2eeef-7b3c-4809-8cc5-b82c2dfa4b41', '075c9ceb-f73d-4fcf-812b-cee8fa0f1358', 'adc8507c-595e-4d76-9dac-be2bf0ffe1ee', '2025-10-05 10:38:33+00', 'START', 'DATASET', 'schema', '{"schema": {"fields": [{"name": "order_day_of_week", "type": "INTEGER", "description": "The day of week of the order."}, {"name": "order_placed_on", "type": "TIMESTAMP", "description": "An ISO-8601 timestamp representing the date/time the order was placed."}, {"name": "orders_placed", "type": "INTEGER", "description": "The number of orders placed on day of week."}], "_producer": "https://github.com/MarquezProject/marquez/blob/main/docker/metadata.json", "_schemaURL": "https://openlineage.io/spec/facets/1-0-0/SchemaDatasetFacet.json"}}');
INSERT INTO public.dataset_facets (created_at, dataset_uuid, dataset_version_uuid, run_uuid, lineage_event_time, lineage_event_type, type, name, facet) VALUES ('2025-10-05 10:39:16.647426+00', 'dbc2eeef-7b3c-4809-8cc5-b82c2dfa4b41', '075c9ceb-f73d-4fcf-812b-cee8fa0f1358', 'adc8507c-595e-4d76-9dac-be2bf0ffe1ee', '2025-10-05 10:38:33+00', 'START', 'DATASET', 'dataSource', '{"dataSource": {"uri": "postgres://food_delivery:food_delivery@postgres:5432/food_delivery", "name": "food_delivery_db", "_producer": "https://github.com/MarquezProject/marquez/blob/main/docker/metadata.json", "_schemaURL": "https://openlineage.io/spec/facets/1-0-0/DatasourceDatasetFacet.json"}}');
INSERT INTO public.dataset_facets (created_at, dataset_uuid, dataset_version_uuid, run_uuid, lineage_event_time, lineage_event_type, type, name, facet) VALUES ('2025-10-05 10:39:16.647426+00', 'dbc2eeef-7b3c-4809-8cc5-b82c2dfa4b41', '075c9ceb-f73d-4fcf-812b-cee8fa0f1358', 'adc8507c-595e-4d76-9dac-be2bf0ffe1ee', '2025-10-05 10:38:33+00', 'START', 'DATASET', 'columnLineage', '{"columnLineage": {"fields": {"order_placed_on": {"inputFields": [{"name": "public.top_delivery_times", "field": "order_placed_on", "namespace": "food_delivery"}]}, "order_day_of_week": {"inputFields": [{"name": "public.top_delivery_times", "field": "order_placed_on", "namespace": "food_delivery"}]}}, "_producer": "https://github.com/MarquezProject/marquez/blob/main/docker/metadata.json", "_schemaURL": "https://openlineage.io/spec/facets/1-0-1/ColumnLineageDatasetFacet.json"}}');


ALTER TABLE public.dataset_facets ENABLE TRIGGER ALL;

--
-- Data for Name: tags; Type: TABLE DATA; Schema: public; Owner: marquez
--

ALTER TABLE public.tags DISABLE TRIGGER ALL;

INSERT INTO public.tags (uuid, created_at, updated_at, name, description) VALUES ('02ee8a83-409a-47a6-b58c-dca473b0ebe2', '2025-10-05 09:40:47.669873+00', '2025-10-06 05:52:08.795946+00', 'PII', 'Personally identifiable information');
INSERT INTO public.tags (uuid, created_at, updated_at, name, description) VALUES ('ca1d406e-008f-4c54-b820-2a67246d2e71', '2025-10-05 09:40:47.733046+00', '2025-10-06 05:52:08.844585+00', 'SENSITIVE', 'Contains sensitive information');


ALTER TABLE public.tags ENABLE TRIGGER ALL;

--
-- Data for Name: dataset_fields_tag_mapping; Type: TABLE DATA; Schema: public; Owner: marquez
--

ALTER TABLE public.dataset_fields_tag_mapping DISABLE TRIGGER ALL;



ALTER TABLE public.dataset_fields_tag_mapping ENABLE TRIGGER ALL;

--
-- Data for Name: dataset_schema_versions_field_mapping; Type: TABLE DATA; Schema: public; Owner: marquez
--

ALTER TABLE public.dataset_schema_versions_field_mapping DISABLE TRIGGER ALL;

INSERT INTO public.dataset_schema_versions_field_mapping (dataset_schema_version_uuid, dataset_field_uuid) VALUES ('e39005ba-2dae-3d53-943c-6a08522baf62', '61f56714-f28b-43d3-9f0a-f3a88949e875');
INSERT INTO public.dataset_schema_versions_field_mapping (dataset_schema_version_uuid, dataset_field_uuid) VALUES ('e39005ba-2dae-3d53-943c-6a08522baf62', '2d6c7804-957c-4f15-9f9f-bb7c2fc527a7');
INSERT INTO public.dataset_schema_versions_field_mapping (dataset_schema_version_uuid, dataset_field_uuid) VALUES ('e39005ba-2dae-3d53-943c-6a08522baf62', '52f160ac-01d7-4df5-8d8b-75033991e585');
INSERT INTO public.dataset_schema_versions_field_mapping (dataset_schema_version_uuid, dataset_field_uuid) VALUES ('e39005ba-2dae-3d53-943c-6a08522baf62', '5075d357-0c2b-4516-a123-0aaf4aa9f23d');
INSERT INTO public.dataset_schema_versions_field_mapping (dataset_schema_version_uuid, dataset_field_uuid) VALUES ('20761e4d-d2a8-3558-b596-6d108d7f5666', 'e12a510d-0944-49bb-9736-116a81f1c203');
INSERT INTO public.dataset_schema_versions_field_mapping (dataset_schema_version_uuid, dataset_field_uuid) VALUES ('20761e4d-d2a8-3558-b596-6d108d7f5666', 'a8641326-41dd-4732-8808-fb2bf7cc1735');
INSERT INTO public.dataset_schema_versions_field_mapping (dataset_schema_version_uuid, dataset_field_uuid) VALUES ('20761e4d-d2a8-3558-b596-6d108d7f5666', 'efecd926-e4db-4399-b0be-d24fa58a4be1');
INSERT INTO public.dataset_schema_versions_field_mapping (dataset_schema_version_uuid, dataset_field_uuid) VALUES ('20761e4d-d2a8-3558-b596-6d108d7f5666', 'db834a1d-0291-4d02-a203-856fd04907ad');
INSERT INTO public.dataset_schema_versions_field_mapping (dataset_schema_version_uuid, dataset_field_uuid) VALUES ('e96c79c1-11d9-3ab1-a0c1-014db678cec4', 'f675f74e-145d-45bc-977d-faf9556b07ed');
INSERT INTO public.dataset_schema_versions_field_mapping (dataset_schema_version_uuid, dataset_field_uuid) VALUES ('e96c79c1-11d9-3ab1-a0c1-014db678cec4', '6ad7be31-b69f-4515-8a11-4766bf2b609f');
INSERT INTO public.dataset_schema_versions_field_mapping (dataset_schema_version_uuid, dataset_field_uuid) VALUES ('e96c79c1-11d9-3ab1-a0c1-014db678cec4', 'f60d070b-8b8e-41b0-b09a-73a304f505f3');
INSERT INTO public.dataset_schema_versions_field_mapping (dataset_schema_version_uuid, dataset_field_uuid) VALUES ('e96c79c1-11d9-3ab1-a0c1-014db678cec4', '8bbc6f01-2520-4267-9d17-b2fe59779506');
INSERT INTO public.dataset_schema_versions_field_mapping (dataset_schema_version_uuid, dataset_field_uuid) VALUES ('e96c79c1-11d9-3ab1-a0c1-014db678cec4', '859a7c59-be79-4baa-8b5d-ffd362ef5c45');
INSERT INTO public.dataset_schema_versions_field_mapping (dataset_schema_version_uuid, dataset_field_uuid) VALUES ('0e21d473-fa59-32e2-903b-c7e18d25f0c6', '9c2ee07c-3e32-4c2d-8630-23f64fece2cf');
INSERT INTO public.dataset_schema_versions_field_mapping (dataset_schema_version_uuid, dataset_field_uuid) VALUES ('0e21d473-fa59-32e2-903b-c7e18d25f0c6', '9027da61-e045-4dc6-98bd-99fcce679a35');
INSERT INTO public.dataset_schema_versions_field_mapping (dataset_schema_version_uuid, dataset_field_uuid) VALUES ('0e21d473-fa59-32e2-903b-c7e18d25f0c6', '4a7cba9e-e2df-4657-b504-3614b111ac06');
INSERT INTO public.dataset_schema_versions_field_mapping (dataset_schema_version_uuid, dataset_field_uuid) VALUES ('0e21d473-fa59-32e2-903b-c7e18d25f0c6', '5df88856-43f3-4fcd-8bc0-609ce786d3f1');
INSERT INTO public.dataset_schema_versions_field_mapping (dataset_schema_version_uuid, dataset_field_uuid) VALUES ('0e21d473-fa59-32e2-903b-c7e18d25f0c6', '6d379070-8899-45f5-ad61-e463d734d3cb');
INSERT INTO public.dataset_schema_versions_field_mapping (dataset_schema_version_uuid, dataset_field_uuid) VALUES ('0e21d473-fa59-32e2-903b-c7e18d25f0c6', '46f277b1-c163-4d6f-bfeb-b75f56884ef2');
INSERT INTO public.dataset_schema_versions_field_mapping (dataset_schema_version_uuid, dataset_field_uuid) VALUES ('84564df0-9b1b-3d33-b316-c6cc8f8c85a5', '4d898bde-c3ba-43f3-83ba-eee4e56e94c0');
INSERT INTO public.dataset_schema_versions_field_mapping (dataset_schema_version_uuid, dataset_field_uuid) VALUES ('84564df0-9b1b-3d33-b316-c6cc8f8c85a5', '3bc3ee41-531a-4fd8-9b6c-920db082899e');
INSERT INTO public.dataset_schema_versions_field_mapping (dataset_schema_version_uuid, dataset_field_uuid) VALUES ('84564df0-9b1b-3d33-b316-c6cc8f8c85a5', 'b30beef9-1996-4824-8af2-dd53d97ebc60');
INSERT INTO public.dataset_schema_versions_field_mapping (dataset_schema_version_uuid, dataset_field_uuid) VALUES ('84564df0-9b1b-3d33-b316-c6cc8f8c85a5', '5dab0bcc-d347-4147-abd4-9d0c6495133e');
INSERT INTO public.dataset_schema_versions_field_mapping (dataset_schema_version_uuid, dataset_field_uuid) VALUES ('84564df0-9b1b-3d33-b316-c6cc8f8c85a5', '421ce85e-b153-41c5-97eb-295c9a93854d');
INSERT INTO public.dataset_schema_versions_field_mapping (dataset_schema_version_uuid, dataset_field_uuid) VALUES ('84564df0-9b1b-3d33-b316-c6cc8f8c85a5', '52552716-fc0f-4fb6-8325-d69d5e210377');
INSERT INTO public.dataset_schema_versions_field_mapping (dataset_schema_version_uuid, dataset_field_uuid) VALUES ('84564df0-9b1b-3d33-b316-c6cc8f8c85a5', '473b7772-f060-449c-ba27-45b3cef037bc');
INSERT INTO public.dataset_schema_versions_field_mapping (dataset_schema_version_uuid, dataset_field_uuid) VALUES ('2d17b78c-f8d3-3c2f-9364-f0fc7c93612a', '93b8d1e3-deb2-4d94-ab90-b0efc7c238df');
INSERT INTO public.dataset_schema_versions_field_mapping (dataset_schema_version_uuid, dataset_field_uuid) VALUES ('2d17b78c-f8d3-3c2f-9364-f0fc7c93612a', '1d2eed8d-3936-414a-b219-21cc6b11a306');
INSERT INTO public.dataset_schema_versions_field_mapping (dataset_schema_version_uuid, dataset_field_uuid) VALUES ('2d17b78c-f8d3-3c2f-9364-f0fc7c93612a', '02d6b91c-72ba-4cd8-bc7d-07ae0a83113c');
INSERT INTO public.dataset_schema_versions_field_mapping (dataset_schema_version_uuid, dataset_field_uuid) VALUES ('2d17b78c-f8d3-3c2f-9364-f0fc7c93612a', 'db3739e4-718d-45d1-bfb5-8df7071a6439');
INSERT INTO public.dataset_schema_versions_field_mapping (dataset_schema_version_uuid, dataset_field_uuid) VALUES ('2d17b78c-f8d3-3c2f-9364-f0fc7c93612a', '65b7b5d8-ddd1-430b-8664-9f9d57af1672');
INSERT INTO public.dataset_schema_versions_field_mapping (dataset_schema_version_uuid, dataset_field_uuid) VALUES ('2d17b78c-f8d3-3c2f-9364-f0fc7c93612a', '115f6465-c6b1-4156-b2d6-d1203e7f7a9e');
INSERT INTO public.dataset_schema_versions_field_mapping (dataset_schema_version_uuid, dataset_field_uuid) VALUES ('2d17b78c-f8d3-3c2f-9364-f0fc7c93612a', 'd3618017-2fa5-44ba-ac5a-b14c827ac6de');
INSERT INTO public.dataset_schema_versions_field_mapping (dataset_schema_version_uuid, dataset_field_uuid) VALUES ('2d17b78c-f8d3-3c2f-9364-f0fc7c93612a', '39e924e4-00cc-485c-9085-7e385f036213');
INSERT INTO public.dataset_schema_versions_field_mapping (dataset_schema_version_uuid, dataset_field_uuid) VALUES ('73200978-b867-3edd-b2de-b98c38910bc6', 'ececfb61-d2eb-4ca7-8d62-833551cde268');
INSERT INTO public.dataset_schema_versions_field_mapping (dataset_schema_version_uuid, dataset_field_uuid) VALUES ('73200978-b867-3edd-b2de-b98c38910bc6', '1efc2db1-7a0f-41c5-b2c7-53f1527433f0');
INSERT INTO public.dataset_schema_versions_field_mapping (dataset_schema_version_uuid, dataset_field_uuid) VALUES ('73200978-b867-3edd-b2de-b98c38910bc6', '2538d5b9-5a46-47b9-a744-34cce4f1b9fa');
INSERT INTO public.dataset_schema_versions_field_mapping (dataset_schema_version_uuid, dataset_field_uuid) VALUES ('73200978-b867-3edd-b2de-b98c38910bc6', 'd3d82c32-c75d-4813-b098-701e04cdfd5d');
INSERT INTO public.dataset_schema_versions_field_mapping (dataset_schema_version_uuid, dataset_field_uuid) VALUES ('73200978-b867-3edd-b2de-b98c38910bc6', 'd8ac4852-45bb-477e-a648-53f017a19f83');
INSERT INTO public.dataset_schema_versions_field_mapping (dataset_schema_version_uuid, dataset_field_uuid) VALUES ('73200978-b867-3edd-b2de-b98c38910bc6', 'c25fc7b9-b964-437f-a2a9-30d2adf3bc63');
INSERT INTO public.dataset_schema_versions_field_mapping (dataset_schema_version_uuid, dataset_field_uuid) VALUES ('73200978-b867-3edd-b2de-b98c38910bc6', 'b3910518-893c-4319-83f9-616175ec54c5');
INSERT INTO public.dataset_schema_versions_field_mapping (dataset_schema_version_uuid, dataset_field_uuid) VALUES ('680ad94d-2e66-3c7d-ab9e-4df2351312f1', 'bab52922-26a6-47ac-b8c9-6b159c816e4f');
INSERT INTO public.dataset_schema_versions_field_mapping (dataset_schema_version_uuid, dataset_field_uuid) VALUES ('680ad94d-2e66-3c7d-ab9e-4df2351312f1', '202e6920-b9da-4fea-a630-fabe37d76d82');
INSERT INTO public.dataset_schema_versions_field_mapping (dataset_schema_version_uuid, dataset_field_uuid) VALUES ('680ad94d-2e66-3c7d-ab9e-4df2351312f1', 'e401042c-168b-4f6b-8ba5-a922d63a8d3d');
INSERT INTO public.dataset_schema_versions_field_mapping (dataset_schema_version_uuid, dataset_field_uuid) VALUES ('680ad94d-2e66-3c7d-ab9e-4df2351312f1', '9810574f-e300-4394-8dfb-f39042d77c44');
INSERT INTO public.dataset_schema_versions_field_mapping (dataset_schema_version_uuid, dataset_field_uuid) VALUES ('680ad94d-2e66-3c7d-ab9e-4df2351312f1', 'adfd1414-8b38-4ba3-882e-8a94ccd3832e');
INSERT INTO public.dataset_schema_versions_field_mapping (dataset_schema_version_uuid, dataset_field_uuid) VALUES ('680ad94d-2e66-3c7d-ab9e-4df2351312f1', '3b2ddebd-9107-41ac-87d3-d1ba1727fc04');
INSERT INTO public.dataset_schema_versions_field_mapping (dataset_schema_version_uuid, dataset_field_uuid) VALUES ('680ad94d-2e66-3c7d-ab9e-4df2351312f1', '6c9ba626-ac0a-4f41-ad85-ca77e8384e4e');
INSERT INTO public.dataset_schema_versions_field_mapping (dataset_schema_version_uuid, dataset_field_uuid) VALUES ('680ad94d-2e66-3c7d-ab9e-4df2351312f1', 'cd608207-d7ae-4b53-8823-1aeb90211d45');
INSERT INTO public.dataset_schema_versions_field_mapping (dataset_schema_version_uuid, dataset_field_uuid) VALUES ('680ad94d-2e66-3c7d-ab9e-4df2351312f1', '75721c60-e7b6-4f65-ae7d-ea6792aa93c6');
INSERT INTO public.dataset_schema_versions_field_mapping (dataset_schema_version_uuid, dataset_field_uuid) VALUES ('680ad94d-2e66-3c7d-ab9e-4df2351312f1', '85f14c62-92a2-49ea-9e01-e7fc6fba06cc');
INSERT INTO public.dataset_schema_versions_field_mapping (dataset_schema_version_uuid, dataset_field_uuid) VALUES ('680ad94d-2e66-3c7d-ab9e-4df2351312f1', 'f41fde92-e3ba-4e57-bcfa-a6221d9b6e87');
INSERT INTO public.dataset_schema_versions_field_mapping (dataset_schema_version_uuid, dataset_field_uuid) VALUES ('302539d2-8782-3f24-81e3-0d44df6fb99d', '3a391685-769d-4d51-bc6d-6de037cb308e');
INSERT INTO public.dataset_schema_versions_field_mapping (dataset_schema_version_uuid, dataset_field_uuid) VALUES ('302539d2-8782-3f24-81e3-0d44df6fb99d', 'fcfa44ff-1f37-4ec9-97fb-d7a4381ec379');
INSERT INTO public.dataset_schema_versions_field_mapping (dataset_schema_version_uuid, dataset_field_uuid) VALUES ('302539d2-8782-3f24-81e3-0d44df6fb99d', 'a94127c5-04c1-4f45-b10d-8e43de208dc5');
INSERT INTO public.dataset_schema_versions_field_mapping (dataset_schema_version_uuid, dataset_field_uuid) VALUES ('302539d2-8782-3f24-81e3-0d44df6fb99d', '24bfe58f-28ea-4161-b795-227e6a8aa904');
INSERT INTO public.dataset_schema_versions_field_mapping (dataset_schema_version_uuid, dataset_field_uuid) VALUES ('302539d2-8782-3f24-81e3-0d44df6fb99d', '9c0fcbd2-f8af-488f-9d1a-05627a1834f3');
INSERT INTO public.dataset_schema_versions_field_mapping (dataset_schema_version_uuid, dataset_field_uuid) VALUES ('302539d2-8782-3f24-81e3-0d44df6fb99d', '9058c1b1-e04f-4598-b31e-f2b5d828bb5f');
INSERT INTO public.dataset_schema_versions_field_mapping (dataset_schema_version_uuid, dataset_field_uuid) VALUES ('302539d2-8782-3f24-81e3-0d44df6fb99d', 'ac209d5a-c163-45c4-8fc5-1b8c8dfca97f');
INSERT INTO public.dataset_schema_versions_field_mapping (dataset_schema_version_uuid, dataset_field_uuid) VALUES ('302539d2-8782-3f24-81e3-0d44df6fb99d', '024a6730-3d2a-4f76-bc1d-107e2022ce6b');
INSERT INTO public.dataset_schema_versions_field_mapping (dataset_schema_version_uuid, dataset_field_uuid) VALUES ('302539d2-8782-3f24-81e3-0d44df6fb99d', 'a1da88dc-99c9-46dd-81fe-43f8b00a60f7');
INSERT INTO public.dataset_schema_versions_field_mapping (dataset_schema_version_uuid, dataset_field_uuid) VALUES ('302539d2-8782-3f24-81e3-0d44df6fb99d', 'b29645c0-e08d-467d-8d24-8204b06712b7');
INSERT INTO public.dataset_schema_versions_field_mapping (dataset_schema_version_uuid, dataset_field_uuid) VALUES ('7c0ad963-774b-386c-8b7e-2730dda45d9c', '34059936-c074-414d-8da2-8158017a5ebe');
INSERT INTO public.dataset_schema_versions_field_mapping (dataset_schema_version_uuid, dataset_field_uuid) VALUES ('7c0ad963-774b-386c-8b7e-2730dda45d9c', 'f62118be-2539-460c-b5f7-5b6400b5b42d');
INSERT INTO public.dataset_schema_versions_field_mapping (dataset_schema_version_uuid, dataset_field_uuid) VALUES ('7c0ad963-774b-386c-8b7e-2730dda45d9c', '7db60d3e-6f78-4895-a4e0-5dcd18a2f1de');
INSERT INTO public.dataset_schema_versions_field_mapping (dataset_schema_version_uuid, dataset_field_uuid) VALUES ('7c0ad963-774b-386c-8b7e-2730dda45d9c', '810debaf-da48-4ee2-a147-d13c139d20bb');
INSERT INTO public.dataset_schema_versions_field_mapping (dataset_schema_version_uuid, dataset_field_uuid) VALUES ('7c0ad963-774b-386c-8b7e-2730dda45d9c', 'cc59e703-8728-4a6b-90e1-5e29fcd46ef0');
INSERT INTO public.dataset_schema_versions_field_mapping (dataset_schema_version_uuid, dataset_field_uuid) VALUES ('7c0ad963-774b-386c-8b7e-2730dda45d9c', 'a88b933f-ddb5-4bf3-b0b6-22b4d64cad2a');
INSERT INTO public.dataset_schema_versions_field_mapping (dataset_schema_version_uuid, dataset_field_uuid) VALUES ('7c0ad963-774b-386c-8b7e-2730dda45d9c', '6e1a9f7f-d83a-49ca-898b-4c1adb1765d7');
INSERT INTO public.dataset_schema_versions_field_mapping (dataset_schema_version_uuid, dataset_field_uuid) VALUES ('7c0ad963-774b-386c-8b7e-2730dda45d9c', '032d9c9a-5152-43a8-87a5-310173ceaabd');
INSERT INTO public.dataset_schema_versions_field_mapping (dataset_schema_version_uuid, dataset_field_uuid) VALUES ('7c0ad963-774b-386c-8b7e-2730dda45d9c', '6bab818e-3068-45e7-98ee-515634bfc161');
INSERT INTO public.dataset_schema_versions_field_mapping (dataset_schema_version_uuid, dataset_field_uuid) VALUES ('7c0ad963-774b-386c-8b7e-2730dda45d9c', 'f9d62741-a0d0-4680-929d-95902e1c0d30');
INSERT INTO public.dataset_schema_versions_field_mapping (dataset_schema_version_uuid, dataset_field_uuid) VALUES ('7c0ad963-774b-386c-8b7e-2730dda45d9c', '18c2f1f7-d540-417f-ae05-68b0ea52c5c6');
INSERT INTO public.dataset_schema_versions_field_mapping (dataset_schema_version_uuid, dataset_field_uuid) VALUES ('7c0ad963-774b-386c-8b7e-2730dda45d9c', '25f5456e-769b-477c-b292-2add10b33f46');
INSERT INTO public.dataset_schema_versions_field_mapping (dataset_schema_version_uuid, dataset_field_uuid) VALUES ('7c0ad963-774b-386c-8b7e-2730dda45d9c', 'a32d7267-8a21-4903-9bc4-80fe666095bd');
INSERT INTO public.dataset_schema_versions_field_mapping (dataset_schema_version_uuid, dataset_field_uuid) VALUES ('7c0ad963-774b-386c-8b7e-2730dda45d9c', '396efdd6-b72a-41e7-8797-5e0a04020555');
INSERT INTO public.dataset_schema_versions_field_mapping (dataset_schema_version_uuid, dataset_field_uuid) VALUES ('0ca37048-88e1-3060-a6af-f3aa55550f43', '74009ab7-68fd-486f-b49e-a69ed2a2c7b8');
INSERT INTO public.dataset_schema_versions_field_mapping (dataset_schema_version_uuid, dataset_field_uuid) VALUES ('0ca37048-88e1-3060-a6af-f3aa55550f43', '9b57cc4f-c2b6-4307-9911-83cac2dd09cc');
INSERT INTO public.dataset_schema_versions_field_mapping (dataset_schema_version_uuid, dataset_field_uuid) VALUES ('0ca37048-88e1-3060-a6af-f3aa55550f43', 'f5a6184f-079c-4c74-9fdb-8a5024e95269');
INSERT INTO public.dataset_schema_versions_field_mapping (dataset_schema_version_uuid, dataset_field_uuid) VALUES ('0ca37048-88e1-3060-a6af-f3aa55550f43', 'd959cdee-8837-457a-8429-309ac96a9159');
INSERT INTO public.dataset_schema_versions_field_mapping (dataset_schema_version_uuid, dataset_field_uuid) VALUES ('0ca37048-88e1-3060-a6af-f3aa55550f43', 'b351bf91-e6e4-47c8-ba73-c82d45831640');
INSERT INTO public.dataset_schema_versions_field_mapping (dataset_schema_version_uuid, dataset_field_uuid) VALUES ('0ca37048-88e1-3060-a6af-f3aa55550f43', '46c8b994-b803-4f0b-b93b-08462ec96d3f');
INSERT INTO public.dataset_schema_versions_field_mapping (dataset_schema_version_uuid, dataset_field_uuid) VALUES ('0ca37048-88e1-3060-a6af-f3aa55550f43', '60400b93-44b0-4168-8107-2d2780fec888');
INSERT INTO public.dataset_schema_versions_field_mapping (dataset_schema_version_uuid, dataset_field_uuid) VALUES ('239b9a8c-7986-39a4-a69f-87143941caf1', 'bd62809b-807f-48e6-92ba-cdd23454d164');
INSERT INTO public.dataset_schema_versions_field_mapping (dataset_schema_version_uuid, dataset_field_uuid) VALUES ('239b9a8c-7986-39a4-a69f-87143941caf1', '73d38a81-29b6-48b5-a9fe-1f159a741fa0');
INSERT INTO public.dataset_schema_versions_field_mapping (dataset_schema_version_uuid, dataset_field_uuid) VALUES ('239b9a8c-7986-39a4-a69f-87143941caf1', 'dea5c1e9-ffa2-403b-8da1-dfc6bfae9d47');
INSERT INTO public.dataset_schema_versions_field_mapping (dataset_schema_version_uuid, dataset_field_uuid) VALUES ('239b9a8c-7986-39a4-a69f-87143941caf1', 'c6d1a1d4-14c2-4d27-a6d9-9eba34ea4bf5');
INSERT INTO public.dataset_schema_versions_field_mapping (dataset_schema_version_uuid, dataset_field_uuid) VALUES ('239b9a8c-7986-39a4-a69f-87143941caf1', '0d893b72-8cae-462c-943d-f3b4504720ad');
INSERT INTO public.dataset_schema_versions_field_mapping (dataset_schema_version_uuid, dataset_field_uuid) VALUES ('2f45bf78-05de-3ff6-a4be-219773c5445a', '7bfb24f8-9df5-413d-920c-43942a9f4cd0');
INSERT INTO public.dataset_schema_versions_field_mapping (dataset_schema_version_uuid, dataset_field_uuid) VALUES ('2f45bf78-05de-3ff6-a4be-219773c5445a', '386d9be5-84ce-4233-9d99-f10d02f8ea5e');
INSERT INTO public.dataset_schema_versions_field_mapping (dataset_schema_version_uuid, dataset_field_uuid) VALUES ('2f45bf78-05de-3ff6-a4be-219773c5445a', '2d8af006-dc71-4860-a5c5-393e8f1b4f53');


ALTER TABLE public.dataset_schema_versions_field_mapping ENABLE TRIGGER ALL;

--
-- Data for Name: dataset_symlinks; Type: TABLE DATA; Schema: public; Owner: marquez
--

ALTER TABLE public.dataset_symlinks DISABLE TRIGGER ALL;

INSERT INTO public.dataset_symlinks (dataset_uuid, name, namespace_uuid, type, is_primary, created_at, updated_at) VALUES ('70fecfb6-731a-4952-ad94-c145fd39b6c4', 'public.menus', 'd6aa17c5-9d98-4763-8e32-d39b104a921d', NULL, true, '2025-10-05 09:40:49', '2025-10-05 09:40:49');
INSERT INTO public.dataset_symlinks (dataset_uuid, name, namespace_uuid, type, is_primary, created_at, updated_at) VALUES ('8928e75d-07a2-4837-80b8-e7b0b9827b52', 'public.categories', 'd6aa17c5-9d98-4763-8e32-d39b104a921d', NULL, true, '2025-10-05 10:38:33', '2025-10-05 10:38:33');
INSERT INTO public.dataset_symlinks (dataset_uuid, name, namespace_uuid, type, is_primary, created_at, updated_at) VALUES ('84e5ecdf-4681-4d6a-a1de-935ed0cf7e30', 'public.menu_items', 'd6aa17c5-9d98-4763-8e32-d39b104a921d', NULL, true, '2025-10-05 10:38:33', '2025-10-05 10:38:33');
INSERT INTO public.dataset_symlinks (dataset_uuid, name, namespace_uuid, type, is_primary, created_at, updated_at) VALUES ('21dae454-f4aa-4d90-9082-6d85460bfae6', 'public.orders', 'd6aa17c5-9d98-4763-8e32-d39b104a921d', NULL, true, '2025-10-05 10:38:33', '2025-10-05 10:38:33');
INSERT INTO public.dataset_symlinks (dataset_uuid, name, namespace_uuid, type, is_primary, created_at, updated_at) VALUES ('a0b5b4ee-be79-4851-bac4-8cb4a51bdd99', 'public.orders_7_days', 'd6aa17c5-9d98-4763-8e32-d39b104a921d', NULL, true, '2025-10-05 10:38:33', '2025-10-05 10:38:33');
INSERT INTO public.dataset_symlinks (dataset_uuid, name, namespace_uuid, type, is_primary, created_at, updated_at) VALUES ('8664f9e0-e8e0-4cbb-8d1a-7e546f6e0f3c', 'public.customers', 'd6aa17c5-9d98-4763-8e32-d39b104a921d', NULL, true, '2025-10-05 10:38:33', '2025-10-05 10:38:33');
INSERT INTO public.dataset_symlinks (dataset_uuid, name, namespace_uuid, type, is_primary, created_at, updated_at) VALUES ('5d8a8f7f-ed35-4d4f-b9f4-c7f2fcbc5213', 'public.order_status', 'd6aa17c5-9d98-4763-8e32-d39b104a921d', NULL, true, '2025-10-05 10:38:33', '2025-10-05 10:38:33');
INSERT INTO public.dataset_symlinks (dataset_uuid, name, namespace_uuid, type, is_primary, created_at, updated_at) VALUES ('7d6a88dc-bd8f-4317-9f62-4ebe36c71133', 'public.drivers', 'd6aa17c5-9d98-4763-8e32-d39b104a921d', NULL, true, '2025-10-05 10:38:33', '2025-10-05 10:38:33');
INSERT INTO public.dataset_symlinks (dataset_uuid, name, namespace_uuid, type, is_primary, created_at, updated_at) VALUES ('2a265120-ce71-4640-9a55-bc5dbfc1924f', 'public.restaurants', 'd6aa17c5-9d98-4763-8e32-d39b104a921d', NULL, true, '2025-10-05 10:38:33', '2025-10-05 10:38:33');
INSERT INTO public.dataset_symlinks (dataset_uuid, name, namespace_uuid, type, is_primary, created_at, updated_at) VALUES ('c1310e8f-76e1-4792-bf2d-823138dcf570', 'public.delivery_7_days', 'd6aa17c5-9d98-4763-8e32-d39b104a921d', NULL, true, '2025-10-05 10:38:33', '2025-10-05 10:38:33');
INSERT INTO public.dataset_symlinks (dataset_uuid, name, namespace_uuid, type, is_primary, created_at, updated_at) VALUES ('974c691c-b523-451d-9a9a-c6daf27fa2f5', 'public.top_delivery_times', 'd6aa17c5-9d98-4763-8e32-d39b104a921d', NULL, true, '2025-10-05 10:38:33', '2025-10-05 10:38:33');
INSERT INTO public.dataset_symlinks (dataset_uuid, name, namespace_uuid, type, is_primary, created_at, updated_at) VALUES ('43abdbba-8614-4fd4-bbaa-80fbe5b6203a', 'public.discounts', 'd6aa17c5-9d98-4763-8e32-d39b104a921d', NULL, true, '2025-10-05 10:38:33', '2025-10-05 10:38:33');
INSERT INTO public.dataset_symlinks (dataset_uuid, name, namespace_uuid, type, is_primary, created_at, updated_at) VALUES ('dbc2eeef-7b3c-4809-8cc5-b82c2dfa4b41', 'public.popular_orders_day_of_week', 'd6aa17c5-9d98-4763-8e32-d39b104a921d', NULL, true, '2025-10-05 10:38:33', '2025-10-05 10:38:33');


ALTER TABLE public.dataset_symlinks ENABLE TRIGGER ALL;

--
-- Data for Name: dataset_versions_field_mapping; Type: TABLE DATA; Schema: public; Owner: marquez
--

ALTER TABLE public.dataset_versions_field_mapping DISABLE TRIGGER ALL;

INSERT INTO public.dataset_versions_field_mapping (dataset_version_uuid, dataset_field_uuid) VALUES ('c09244dc-5c97-482d-9d86-bbdd7351357d', '61f56714-f28b-43d3-9f0a-f3a88949e875');
INSERT INTO public.dataset_versions_field_mapping (dataset_version_uuid, dataset_field_uuid) VALUES ('c09244dc-5c97-482d-9d86-bbdd7351357d', '2d6c7804-957c-4f15-9f9f-bb7c2fc527a7');
INSERT INTO public.dataset_versions_field_mapping (dataset_version_uuid, dataset_field_uuid) VALUES ('c09244dc-5c97-482d-9d86-bbdd7351357d', '52f160ac-01d7-4df5-8d8b-75033991e585');
INSERT INTO public.dataset_versions_field_mapping (dataset_version_uuid, dataset_field_uuid) VALUES ('c09244dc-5c97-482d-9d86-bbdd7351357d', '5075d357-0c2b-4516-a123-0aaf4aa9f23d');
INSERT INTO public.dataset_versions_field_mapping (dataset_version_uuid, dataset_field_uuid) VALUES ('225d33f0-8422-4e73-b20b-e1dd230f8cc6', 'e12a510d-0944-49bb-9736-116a81f1c203');
INSERT INTO public.dataset_versions_field_mapping (dataset_version_uuid, dataset_field_uuid) VALUES ('225d33f0-8422-4e73-b20b-e1dd230f8cc6', 'a8641326-41dd-4732-8808-fb2bf7cc1735');
INSERT INTO public.dataset_versions_field_mapping (dataset_version_uuid, dataset_field_uuid) VALUES ('225d33f0-8422-4e73-b20b-e1dd230f8cc6', 'efecd926-e4db-4399-b0be-d24fa58a4be1');
INSERT INTO public.dataset_versions_field_mapping (dataset_version_uuid, dataset_field_uuid) VALUES ('225d33f0-8422-4e73-b20b-e1dd230f8cc6', 'db834a1d-0291-4d02-a203-856fd04907ad');
INSERT INTO public.dataset_versions_field_mapping (dataset_version_uuid, dataset_field_uuid) VALUES ('d24f7ddf-50bb-4d7d-9b9c-6efb21ff1e0f', 'f675f74e-145d-45bc-977d-faf9556b07ed');
INSERT INTO public.dataset_versions_field_mapping (dataset_version_uuid, dataset_field_uuid) VALUES ('d24f7ddf-50bb-4d7d-9b9c-6efb21ff1e0f', '6ad7be31-b69f-4515-8a11-4766bf2b609f');
INSERT INTO public.dataset_versions_field_mapping (dataset_version_uuid, dataset_field_uuid) VALUES ('d24f7ddf-50bb-4d7d-9b9c-6efb21ff1e0f', 'f60d070b-8b8e-41b0-b09a-73a304f505f3');
INSERT INTO public.dataset_versions_field_mapping (dataset_version_uuid, dataset_field_uuid) VALUES ('d24f7ddf-50bb-4d7d-9b9c-6efb21ff1e0f', '8bbc6f01-2520-4267-9d17-b2fe59779506');
INSERT INTO public.dataset_versions_field_mapping (dataset_version_uuid, dataset_field_uuid) VALUES ('d24f7ddf-50bb-4d7d-9b9c-6efb21ff1e0f', '859a7c59-be79-4baa-8b5d-ffd362ef5c45');
INSERT INTO public.dataset_versions_field_mapping (dataset_version_uuid, dataset_field_uuid) VALUES ('d8022bed-3ad3-483b-adf3-880b34992412', '9c2ee07c-3e32-4c2d-8630-23f64fece2cf');
INSERT INTO public.dataset_versions_field_mapping (dataset_version_uuid, dataset_field_uuid) VALUES ('d8022bed-3ad3-483b-adf3-880b34992412', '9027da61-e045-4dc6-98bd-99fcce679a35');
INSERT INTO public.dataset_versions_field_mapping (dataset_version_uuid, dataset_field_uuid) VALUES ('d8022bed-3ad3-483b-adf3-880b34992412', '4a7cba9e-e2df-4657-b504-3614b111ac06');
INSERT INTO public.dataset_versions_field_mapping (dataset_version_uuid, dataset_field_uuid) VALUES ('d8022bed-3ad3-483b-adf3-880b34992412', '5df88856-43f3-4fcd-8bc0-609ce786d3f1');
INSERT INTO public.dataset_versions_field_mapping (dataset_version_uuid, dataset_field_uuid) VALUES ('d8022bed-3ad3-483b-adf3-880b34992412', '6d379070-8899-45f5-ad61-e463d734d3cb');
INSERT INTO public.dataset_versions_field_mapping (dataset_version_uuid, dataset_field_uuid) VALUES ('d8022bed-3ad3-483b-adf3-880b34992412', '46f277b1-c163-4d6f-bfeb-b75f56884ef2');
INSERT INTO public.dataset_versions_field_mapping (dataset_version_uuid, dataset_field_uuid) VALUES ('7e03a5ca-e682-4afb-b637-722c3dd65151', '4d898bde-c3ba-43f3-83ba-eee4e56e94c0');
INSERT INTO public.dataset_versions_field_mapping (dataset_version_uuid, dataset_field_uuid) VALUES ('7e03a5ca-e682-4afb-b637-722c3dd65151', '3bc3ee41-531a-4fd8-9b6c-920db082899e');
INSERT INTO public.dataset_versions_field_mapping (dataset_version_uuid, dataset_field_uuid) VALUES ('7e03a5ca-e682-4afb-b637-722c3dd65151', 'b30beef9-1996-4824-8af2-dd53d97ebc60');
INSERT INTO public.dataset_versions_field_mapping (dataset_version_uuid, dataset_field_uuid) VALUES ('7e03a5ca-e682-4afb-b637-722c3dd65151', '5dab0bcc-d347-4147-abd4-9d0c6495133e');
INSERT INTO public.dataset_versions_field_mapping (dataset_version_uuid, dataset_field_uuid) VALUES ('7e03a5ca-e682-4afb-b637-722c3dd65151', '421ce85e-b153-41c5-97eb-295c9a93854d');
INSERT INTO public.dataset_versions_field_mapping (dataset_version_uuid, dataset_field_uuid) VALUES ('7e03a5ca-e682-4afb-b637-722c3dd65151', '52552716-fc0f-4fb6-8325-d69d5e210377');
INSERT INTO public.dataset_versions_field_mapping (dataset_version_uuid, dataset_field_uuid) VALUES ('7e03a5ca-e682-4afb-b637-722c3dd65151', '473b7772-f060-449c-ba27-45b3cef037bc');
INSERT INTO public.dataset_versions_field_mapping (dataset_version_uuid, dataset_field_uuid) VALUES ('16d5ecfe-2283-4c8c-a942-e451f5cda797', '93b8d1e3-deb2-4d94-ab90-b0efc7c238df');
INSERT INTO public.dataset_versions_field_mapping (dataset_version_uuid, dataset_field_uuid) VALUES ('16d5ecfe-2283-4c8c-a942-e451f5cda797', '1d2eed8d-3936-414a-b219-21cc6b11a306');
INSERT INTO public.dataset_versions_field_mapping (dataset_version_uuid, dataset_field_uuid) VALUES ('16d5ecfe-2283-4c8c-a942-e451f5cda797', '02d6b91c-72ba-4cd8-bc7d-07ae0a83113c');
INSERT INTO public.dataset_versions_field_mapping (dataset_version_uuid, dataset_field_uuid) VALUES ('16d5ecfe-2283-4c8c-a942-e451f5cda797', 'db3739e4-718d-45d1-bfb5-8df7071a6439');
INSERT INTO public.dataset_versions_field_mapping (dataset_version_uuid, dataset_field_uuid) VALUES ('16d5ecfe-2283-4c8c-a942-e451f5cda797', '65b7b5d8-ddd1-430b-8664-9f9d57af1672');
INSERT INTO public.dataset_versions_field_mapping (dataset_version_uuid, dataset_field_uuid) VALUES ('16d5ecfe-2283-4c8c-a942-e451f5cda797', '115f6465-c6b1-4156-b2d6-d1203e7f7a9e');
INSERT INTO public.dataset_versions_field_mapping (dataset_version_uuid, dataset_field_uuid) VALUES ('16d5ecfe-2283-4c8c-a942-e451f5cda797', 'd3618017-2fa5-44ba-ac5a-b14c827ac6de');
INSERT INTO public.dataset_versions_field_mapping (dataset_version_uuid, dataset_field_uuid) VALUES ('16d5ecfe-2283-4c8c-a942-e451f5cda797', '39e924e4-00cc-485c-9085-7e385f036213');
INSERT INTO public.dataset_versions_field_mapping (dataset_version_uuid, dataset_field_uuid) VALUES ('c2507378-68b1-4b1e-b507-536214c6911a', 'ececfb61-d2eb-4ca7-8d62-833551cde268');
INSERT INTO public.dataset_versions_field_mapping (dataset_version_uuid, dataset_field_uuid) VALUES ('c2507378-68b1-4b1e-b507-536214c6911a', '1efc2db1-7a0f-41c5-b2c7-53f1527433f0');
INSERT INTO public.dataset_versions_field_mapping (dataset_version_uuid, dataset_field_uuid) VALUES ('c2507378-68b1-4b1e-b507-536214c6911a', '2538d5b9-5a46-47b9-a744-34cce4f1b9fa');
INSERT INTO public.dataset_versions_field_mapping (dataset_version_uuid, dataset_field_uuid) VALUES ('c2507378-68b1-4b1e-b507-536214c6911a', 'd3d82c32-c75d-4813-b098-701e04cdfd5d');
INSERT INTO public.dataset_versions_field_mapping (dataset_version_uuid, dataset_field_uuid) VALUES ('c2507378-68b1-4b1e-b507-536214c6911a', 'd8ac4852-45bb-477e-a648-53f017a19f83');
INSERT INTO public.dataset_versions_field_mapping (dataset_version_uuid, dataset_field_uuid) VALUES ('c2507378-68b1-4b1e-b507-536214c6911a', 'c25fc7b9-b964-437f-a2a9-30d2adf3bc63');
INSERT INTO public.dataset_versions_field_mapping (dataset_version_uuid, dataset_field_uuid) VALUES ('c2507378-68b1-4b1e-b507-536214c6911a', 'b3910518-893c-4319-83f9-616175ec54c5');
INSERT INTO public.dataset_versions_field_mapping (dataset_version_uuid, dataset_field_uuid) VALUES ('0a03d2d8-6d03-47ac-92cd-6043ac8d41ea', 'bab52922-26a6-47ac-b8c9-6b159c816e4f');
INSERT INTO public.dataset_versions_field_mapping (dataset_version_uuid, dataset_field_uuid) VALUES ('0a03d2d8-6d03-47ac-92cd-6043ac8d41ea', '202e6920-b9da-4fea-a630-fabe37d76d82');
INSERT INTO public.dataset_versions_field_mapping (dataset_version_uuid, dataset_field_uuid) VALUES ('0a03d2d8-6d03-47ac-92cd-6043ac8d41ea', 'e401042c-168b-4f6b-8ba5-a922d63a8d3d');
INSERT INTO public.dataset_versions_field_mapping (dataset_version_uuid, dataset_field_uuid) VALUES ('0a03d2d8-6d03-47ac-92cd-6043ac8d41ea', '9810574f-e300-4394-8dfb-f39042d77c44');
INSERT INTO public.dataset_versions_field_mapping (dataset_version_uuid, dataset_field_uuid) VALUES ('0a03d2d8-6d03-47ac-92cd-6043ac8d41ea', 'adfd1414-8b38-4ba3-882e-8a94ccd3832e');
INSERT INTO public.dataset_versions_field_mapping (dataset_version_uuid, dataset_field_uuid) VALUES ('0a03d2d8-6d03-47ac-92cd-6043ac8d41ea', '3b2ddebd-9107-41ac-87d3-d1ba1727fc04');
INSERT INTO public.dataset_versions_field_mapping (dataset_version_uuid, dataset_field_uuid) VALUES ('0a03d2d8-6d03-47ac-92cd-6043ac8d41ea', '6c9ba626-ac0a-4f41-ad85-ca77e8384e4e');
INSERT INTO public.dataset_versions_field_mapping (dataset_version_uuid, dataset_field_uuid) VALUES ('0a03d2d8-6d03-47ac-92cd-6043ac8d41ea', 'cd608207-d7ae-4b53-8823-1aeb90211d45');
INSERT INTO public.dataset_versions_field_mapping (dataset_version_uuid, dataset_field_uuid) VALUES ('0a03d2d8-6d03-47ac-92cd-6043ac8d41ea', '75721c60-e7b6-4f65-ae7d-ea6792aa93c6');
INSERT INTO public.dataset_versions_field_mapping (dataset_version_uuid, dataset_field_uuid) VALUES ('0a03d2d8-6d03-47ac-92cd-6043ac8d41ea', '85f14c62-92a2-49ea-9e01-e7fc6fba06cc');
INSERT INTO public.dataset_versions_field_mapping (dataset_version_uuid, dataset_field_uuid) VALUES ('0a03d2d8-6d03-47ac-92cd-6043ac8d41ea', 'f41fde92-e3ba-4e57-bcfa-a6221d9b6e87');
INSERT INTO public.dataset_versions_field_mapping (dataset_version_uuid, dataset_field_uuid) VALUES ('f8641f90-ff04-42b8-9c5f-1aecaaa954fc', '3a391685-769d-4d51-bc6d-6de037cb308e');
INSERT INTO public.dataset_versions_field_mapping (dataset_version_uuid, dataset_field_uuid) VALUES ('f8641f90-ff04-42b8-9c5f-1aecaaa954fc', 'fcfa44ff-1f37-4ec9-97fb-d7a4381ec379');
INSERT INTO public.dataset_versions_field_mapping (dataset_version_uuid, dataset_field_uuid) VALUES ('f8641f90-ff04-42b8-9c5f-1aecaaa954fc', 'a94127c5-04c1-4f45-b10d-8e43de208dc5');
INSERT INTO public.dataset_versions_field_mapping (dataset_version_uuid, dataset_field_uuid) VALUES ('f8641f90-ff04-42b8-9c5f-1aecaaa954fc', '24bfe58f-28ea-4161-b795-227e6a8aa904');
INSERT INTO public.dataset_versions_field_mapping (dataset_version_uuid, dataset_field_uuid) VALUES ('f8641f90-ff04-42b8-9c5f-1aecaaa954fc', '9c0fcbd2-f8af-488f-9d1a-05627a1834f3');
INSERT INTO public.dataset_versions_field_mapping (dataset_version_uuid, dataset_field_uuid) VALUES ('f8641f90-ff04-42b8-9c5f-1aecaaa954fc', '9058c1b1-e04f-4598-b31e-f2b5d828bb5f');
INSERT INTO public.dataset_versions_field_mapping (dataset_version_uuid, dataset_field_uuid) VALUES ('f8641f90-ff04-42b8-9c5f-1aecaaa954fc', 'ac209d5a-c163-45c4-8fc5-1b8c8dfca97f');
INSERT INTO public.dataset_versions_field_mapping (dataset_version_uuid, dataset_field_uuid) VALUES ('f8641f90-ff04-42b8-9c5f-1aecaaa954fc', '024a6730-3d2a-4f76-bc1d-107e2022ce6b');
INSERT INTO public.dataset_versions_field_mapping (dataset_version_uuid, dataset_field_uuid) VALUES ('f8641f90-ff04-42b8-9c5f-1aecaaa954fc', 'a1da88dc-99c9-46dd-81fe-43f8b00a60f7');
INSERT INTO public.dataset_versions_field_mapping (dataset_version_uuid, dataset_field_uuid) VALUES ('f8641f90-ff04-42b8-9c5f-1aecaaa954fc', 'b29645c0-e08d-467d-8d24-8204b06712b7');
INSERT INTO public.dataset_versions_field_mapping (dataset_version_uuid, dataset_field_uuid) VALUES ('5cb4cd3c-6fa7-4789-9a87-ca85a97b2287', '34059936-c074-414d-8da2-8158017a5ebe');
INSERT INTO public.dataset_versions_field_mapping (dataset_version_uuid, dataset_field_uuid) VALUES ('5cb4cd3c-6fa7-4789-9a87-ca85a97b2287', 'f62118be-2539-460c-b5f7-5b6400b5b42d');
INSERT INTO public.dataset_versions_field_mapping (dataset_version_uuid, dataset_field_uuid) VALUES ('5cb4cd3c-6fa7-4789-9a87-ca85a97b2287', '7db60d3e-6f78-4895-a4e0-5dcd18a2f1de');
INSERT INTO public.dataset_versions_field_mapping (dataset_version_uuid, dataset_field_uuid) VALUES ('5cb4cd3c-6fa7-4789-9a87-ca85a97b2287', '810debaf-da48-4ee2-a147-d13c139d20bb');
INSERT INTO public.dataset_versions_field_mapping (dataset_version_uuid, dataset_field_uuid) VALUES ('5cb4cd3c-6fa7-4789-9a87-ca85a97b2287', 'cc59e703-8728-4a6b-90e1-5e29fcd46ef0');
INSERT INTO public.dataset_versions_field_mapping (dataset_version_uuid, dataset_field_uuid) VALUES ('5cb4cd3c-6fa7-4789-9a87-ca85a97b2287', 'a88b933f-ddb5-4bf3-b0b6-22b4d64cad2a');
INSERT INTO public.dataset_versions_field_mapping (dataset_version_uuid, dataset_field_uuid) VALUES ('5cb4cd3c-6fa7-4789-9a87-ca85a97b2287', '6e1a9f7f-d83a-49ca-898b-4c1adb1765d7');
INSERT INTO public.dataset_versions_field_mapping (dataset_version_uuid, dataset_field_uuid) VALUES ('5cb4cd3c-6fa7-4789-9a87-ca85a97b2287', '032d9c9a-5152-43a8-87a5-310173ceaabd');
INSERT INTO public.dataset_versions_field_mapping (dataset_version_uuid, dataset_field_uuid) VALUES ('5cb4cd3c-6fa7-4789-9a87-ca85a97b2287', '6bab818e-3068-45e7-98ee-515634bfc161');
INSERT INTO public.dataset_versions_field_mapping (dataset_version_uuid, dataset_field_uuid) VALUES ('5cb4cd3c-6fa7-4789-9a87-ca85a97b2287', 'f9d62741-a0d0-4680-929d-95902e1c0d30');
INSERT INTO public.dataset_versions_field_mapping (dataset_version_uuid, dataset_field_uuid) VALUES ('5cb4cd3c-6fa7-4789-9a87-ca85a97b2287', '18c2f1f7-d540-417f-ae05-68b0ea52c5c6');
INSERT INTO public.dataset_versions_field_mapping (dataset_version_uuid, dataset_field_uuid) VALUES ('5cb4cd3c-6fa7-4789-9a87-ca85a97b2287', '25f5456e-769b-477c-b292-2add10b33f46');
INSERT INTO public.dataset_versions_field_mapping (dataset_version_uuid, dataset_field_uuid) VALUES ('5cb4cd3c-6fa7-4789-9a87-ca85a97b2287', 'a32d7267-8a21-4903-9bc4-80fe666095bd');
INSERT INTO public.dataset_versions_field_mapping (dataset_version_uuid, dataset_field_uuid) VALUES ('5cb4cd3c-6fa7-4789-9a87-ca85a97b2287', '396efdd6-b72a-41e7-8797-5e0a04020555');
INSERT INTO public.dataset_versions_field_mapping (dataset_version_uuid, dataset_field_uuid) VALUES ('c5eb49ec-b6bf-4a18-ae9d-b659b4f1aac0', '74009ab7-68fd-486f-b49e-a69ed2a2c7b8');
INSERT INTO public.dataset_versions_field_mapping (dataset_version_uuid, dataset_field_uuid) VALUES ('c5eb49ec-b6bf-4a18-ae9d-b659b4f1aac0', '9b57cc4f-c2b6-4307-9911-83cac2dd09cc');
INSERT INTO public.dataset_versions_field_mapping (dataset_version_uuid, dataset_field_uuid) VALUES ('c5eb49ec-b6bf-4a18-ae9d-b659b4f1aac0', 'f5a6184f-079c-4c74-9fdb-8a5024e95269');
INSERT INTO public.dataset_versions_field_mapping (dataset_version_uuid, dataset_field_uuid) VALUES ('c5eb49ec-b6bf-4a18-ae9d-b659b4f1aac0', 'd959cdee-8837-457a-8429-309ac96a9159');
INSERT INTO public.dataset_versions_field_mapping (dataset_version_uuid, dataset_field_uuid) VALUES ('c5eb49ec-b6bf-4a18-ae9d-b659b4f1aac0', 'b351bf91-e6e4-47c8-ba73-c82d45831640');
INSERT INTO public.dataset_versions_field_mapping (dataset_version_uuid, dataset_field_uuid) VALUES ('c5eb49ec-b6bf-4a18-ae9d-b659b4f1aac0', '46c8b994-b803-4f0b-b93b-08462ec96d3f');
INSERT INTO public.dataset_versions_field_mapping (dataset_version_uuid, dataset_field_uuid) VALUES ('c5eb49ec-b6bf-4a18-ae9d-b659b4f1aac0', '60400b93-44b0-4168-8107-2d2780fec888');
INSERT INTO public.dataset_versions_field_mapping (dataset_version_uuid, dataset_field_uuid) VALUES ('e2e4b1bf-1801-491a-b4a9-d7cb18bf198a', 'bd62809b-807f-48e6-92ba-cdd23454d164');
INSERT INTO public.dataset_versions_field_mapping (dataset_version_uuid, dataset_field_uuid) VALUES ('e2e4b1bf-1801-491a-b4a9-d7cb18bf198a', '73d38a81-29b6-48b5-a9fe-1f159a741fa0');
INSERT INTO public.dataset_versions_field_mapping (dataset_version_uuid, dataset_field_uuid) VALUES ('e2e4b1bf-1801-491a-b4a9-d7cb18bf198a', 'dea5c1e9-ffa2-403b-8da1-dfc6bfae9d47');
INSERT INTO public.dataset_versions_field_mapping (dataset_version_uuid, dataset_field_uuid) VALUES ('e2e4b1bf-1801-491a-b4a9-d7cb18bf198a', 'c6d1a1d4-14c2-4d27-a6d9-9eba34ea4bf5');
INSERT INTO public.dataset_versions_field_mapping (dataset_version_uuid, dataset_field_uuid) VALUES ('e2e4b1bf-1801-491a-b4a9-d7cb18bf198a', '0d893b72-8cae-462c-943d-f3b4504720ad');
INSERT INTO public.dataset_versions_field_mapping (dataset_version_uuid, dataset_field_uuid) VALUES ('075c9ceb-f73d-4fcf-812b-cee8fa0f1358', '7bfb24f8-9df5-413d-920c-43942a9f4cd0');
INSERT INTO public.dataset_versions_field_mapping (dataset_version_uuid, dataset_field_uuid) VALUES ('075c9ceb-f73d-4fcf-812b-cee8fa0f1358', '386d9be5-84ce-4233-9d99-f10d02f8ea5e');
INSERT INTO public.dataset_versions_field_mapping (dataset_version_uuid, dataset_field_uuid) VALUES ('075c9ceb-f73d-4fcf-812b-cee8fa0f1358', '2d8af006-dc71-4860-a5c5-393e8f1b4f53');


ALTER TABLE public.dataset_versions_field_mapping ENABLE TRIGGER ALL;

--
-- Data for Name: datasets_tag_mapping; Type: TABLE DATA; Schema: public; Owner: marquez
--

ALTER TABLE public.datasets_tag_mapping DISABLE TRIGGER ALL;



ALTER TABLE public.datasets_tag_mapping ENABLE TRIGGER ALL;

--
-- Data for Name: facet_migration_lock; Type: TABLE DATA; Schema: public; Owner: marquez
--

ALTER TABLE public.facet_migration_lock DISABLE TRIGGER ALL;

INSERT INTO public.facet_migration_lock (created_at, run_uuid) VALUES ('2025-10-05 09:40:21.903192+00', NULL);


ALTER TABLE public.facet_migration_lock ENABLE TRIGGER ALL;

--
-- Data for Name: flyway_schema_history; Type: TABLE DATA; Schema: public; Owner: marquez
--

ALTER TABLE public.flyway_schema_history DISABLE TRIGGER ALL;

INSERT INTO public.flyway_schema_history (installed_rank, version, description, type, script, checksum, installed_by, installed_on, execution_time, success) VALUES (1, '1', 'initial schema', 'SQL', 'V1__initial_schema.sql', -921782407, 'marquez', '2025-10-05 09:39:46.816374', 14409, true);
INSERT INTO public.flyway_schema_history (installed_rank, version, description, type, script, checksum, installed_by, installed_on, execution_time, success) VALUES (2, '2', 'add job contexts', 'SQL', 'V2__add_job_contexts.sql', 1525195745, 'marquez', '2025-10-05 09:40:01.330424', 1081, true);
INSERT INTO public.flyway_schema_history (installed_rank, version, description, type, script, checksum, installed_by, installed_on, execution_time, success) VALUES (3, '2.1', 'alter job versions to add job context uuid', 'SQL', 'V2.1__alter_job_versions_to_add_job_context_uuid.sql', 833638402, 'marquez', '2025-10-05 09:40:02.53541', 9, true);
INSERT INTO public.flyway_schema_history (installed_rank, version, description, type, script, checksum, installed_by, installed_on, execution_time, success) VALUES (4, '3', 'drop not null constraint on job location', 'SQL', 'V3__drop_not_null_constraint_on_job_location.sql', 1184659361, 'marquez', '2025-10-05 09:40:02.638527', 7, true);
INSERT INTO public.flyway_schema_history (installed_rank, version, description, type, script, checksum, installed_by, installed_on, execution_time, success) VALUES (5, '4', 'add dataset fields', 'SQL', 'V4__add_dataset_fields.sql', -841855062, 'marquez', '2025-10-05 09:40:02.722723', 1209, true);
INSERT INTO public.flyway_schema_history (installed_rank, version, description, type, script, checksum, installed_by, installed_on, execution_time, success) VALUES (6, '5', 'add tags', 'SQL', 'V5__add_tags.sql', 945574130, 'marquez', '2025-10-05 09:40:03.982977', 626, true);
INSERT INTO public.flyway_schema_history (installed_rank, version, description, type, script, checksum, installed_by, installed_on, execution_time, success) VALUES (7, '6', 'alter datasets to add last modified', 'SQL', 'V6__alter_datasets_to_add_last_modified.sql', -1297552873, 'marquez', '2025-10-05 09:40:04.639834', 2, true);
INSERT INTO public.flyway_schema_history (installed_rank, version, description, type, script, checksum, installed_by, installed_on, execution_time, success) VALUES (8, '7', 'alter run args to change args', 'SQL', 'V7__alter_run_args_to_change_args.sql', 1621134934, 'marquez', '2025-10-05 09:40:04.686912', 8, true);
INSERT INTO public.flyway_schema_history (installed_rank, version, description, type, script, checksum, installed_by, installed_on, execution_time, success) VALUES (9, '8', 'alter datasets to change unique constraint', 'SQL', 'V8__alter_datasets_to_change_unique_constraint.sql', -274263847, 'marquez', '2025-10-05 09:40:04.737272', 998, true);
INSERT INTO public.flyway_schema_history (installed_rank, version, description, type, script, checksum, installed_by, installed_on, execution_time, success) VALUES (10, '9', 'alter sources to drop composite unique constraint', 'SQL', 'V9__alter_sources_to_drop_composite_unique_constraint.sql', 1228944163, 'marquez', '2025-10-05 09:40:05.780369', 5, true);
INSERT INTO public.flyway_schema_history (installed_rank, version, description, type, script, checksum, installed_by, installed_on, execution_time, success) VALUES (11, '10', 'drop unique constraint on job name', 'SQL', 'V10__drop_unique_constraint_on_job_name.sql', -1745305856, 'marquez', '2025-10-05 09:40:05.837624', 8, true);
INSERT INTO public.flyway_schema_history (installed_rank, version, description, type, script, checksum, installed_by, installed_on, execution_time, success) VALUES (12, '11', 'alter datasets to rename last modified', 'SQL', 'V11__alter_datasets_to_rename_last_modified.sql', 1762189841, 'marquez', '2025-10-05 09:40:05.940296', 2, true);
INSERT INTO public.flyway_schema_history (installed_rank, version, description, type, script, checksum, installed_by, installed_on, execution_time, success) VALUES (13, '12', 'alter dataset fields to change unique constraint', 'SQL', 'V12__alter_dataset_fields_to_change_unique_constraint.sql', 426451342, 'marquez', '2025-10-05 09:40:06.088131', 227, true);
INSERT INTO public.flyway_schema_history (installed_rank, version, description, type, script, checksum, installed_by, installed_on, execution_time, success) VALUES (14, '13', 'alter run add start end state', 'SQL', 'V13__alter_run_add_start_end_state.sql', 1494916884, 'marquez', '2025-10-05 09:40:06.423816', 4, true);
INSERT INTO public.flyway_schema_history (installed_rank, version, description, type, script, checksum, installed_by, installed_on, execution_time, success) VALUES (15, '14', 'index datasetversion datasetid', 'SQL', 'V14__index_datasetversion_datasetid.sql', -890431442, 'marquez', '2025-10-05 09:40:06.568066', 229, true);
INSERT INTO public.flyway_schema_history (installed_rank, version, description, type, script, checksum, installed_by, installed_on, execution_time, success) VALUES (16, '15', 'index created at and current run state on runs', 'SQL', 'V15__index_created_at_and_current_run_state_on_runs.sql', 1840677676, 'marquez', '2025-10-05 09:40:06.839221', 110, true);
INSERT INTO public.flyway_schema_history (installed_rank, version, description, type, script, checksum, installed_by, installed_on, execution_time, success) VALUES (17, '16', 'index created at on runs', 'SQL', 'V16__index_created_at_on_runs.sql', -1472007075, 'marquez', '2025-10-05 09:40:07.001858', 109, true);
INSERT INTO public.flyway_schema_history (installed_rank, version, description, type, script, checksum, installed_by, installed_on, execution_time, success) VALUES (18, '17.1', 'unique version constraint', 'SQL', 'V17.1__unique_version_constraint.sql', -1683915240, 'marquez', '2025-10-05 09:40:07.165058', 568, true);
INSERT INTO public.flyway_schema_history (installed_rank, version, description, type, script, checksum, installed_by, installed_on, execution_time, success) VALUES (19, '17.2', 'open lineage', 'SQL', 'V17.2__open_lineage.sql', 945111304, 'marquez', '2025-10-05 09:40:07.854116', 345, true);
INSERT INTO public.flyway_schema_history (installed_rank, version, description, type, script, checksum, installed_by, installed_on, execution_time, success) VALUES (20, '18', 'drop dataset constraint', 'SQL', 'V18__drop_dataset_constraint.sql', 1504693058, 'marquez', '2025-10-05 09:40:08.24766', 6, true);
INSERT INTO public.flyway_schema_history (installed_rank, version, description, type, script, checksum, installed_by, installed_on, execution_time, success) VALUES (21, '19', 'alter run to add external id', 'SQL', 'V19__alter_run_to_add_external_id.sql', -369833841, 'marquez', '2025-10-05 09:40:08.289647', 2, true);
INSERT INTO public.flyway_schema_history (installed_rank, version, description, type, script, checksum, installed_by, installed_on, execution_time, success) VALUES (22, '20', 'drop lineage pk', 'SQL', 'V20__drop_lineage_pk.sql', -1877159384, 'marquez', '2025-10-05 09:40:08.33683', 8, true);
INSERT INTO public.flyway_schema_history (installed_rank, version, description, type, script, checksum, installed_by, installed_on, execution_time, success) VALUES (23, '21', 'alter jobs to add namespace name', 'SQL', 'V21__alter_jobs_to_add_namespace_name.sql', -919302325, 'marquez', '2025-10-05 09:40:08.378417', 3, true);
INSERT INTO public.flyway_schema_history (installed_rank, version, description, type, script, checksum, installed_by, installed_on, execution_time, success) VALUES (24, '22', 'alter job versions to add namespace', 'SQL', 'V22__alter_job_versions_to_add_namespace.sql', -535116172, 'marquez', '2025-10-05 09:40:08.417993', 1078, true);
INSERT INTO public.flyway_schema_history (installed_rank, version, description, type, script, checksum, installed_by, installed_on, execution_time, success) VALUES (25, '23', 'alter runs', 'SQL', 'V23__alter_runs.sql', -363712368, 'marquez', '2025-10-05 09:40:09.559113', 137, true);
INSERT INTO public.flyway_schema_history (installed_rank, version, description, type, script, checksum, installed_by, installed_on, execution_time, success) VALUES (26, '24', 'alter jobs', 'SQL', 'V24__alter_jobs.sql', -524338248, 'marquez', '2025-10-05 09:40:09.734237', 6, true);
INSERT INTO public.flyway_schema_history (installed_rank, version, description, type, script, checksum, installed_by, installed_on, execution_time, success) VALUES (27, '25', 'alter datasets', 'SQL', 'V25__alter_datasets.sql', 55757231, 'marquez', '2025-10-05 09:40:09.811889', 3, true);
INSERT INTO public.flyway_schema_history (installed_rank, version, description, type, script, checksum, installed_by, installed_on, execution_time, success) VALUES (28, '26', 'alter jobs change type', 'SQL', 'V26__alter_jobs_change_type.sql', 1039175377, 'marquez', '2025-10-05 09:40:09.850395', 6, true);
INSERT INTO public.flyway_schema_history (installed_rank, version, description, type, script, checksum, installed_by, installed_on, execution_time, success) VALUES (29, '27', 'alter runs add context', 'SQL', 'V27__alter_runs_add_context.sql', 1637041199, 'marquez', '2025-10-05 09:40:09.899502', 3, true);
INSERT INTO public.flyway_schema_history (installed_rank, version, description, type, script, checksum, installed_by, installed_on, execution_time, success) VALUES (30, '28', 'update jobs fix inputs', 'SQL', 'V28__update_jobs_fix_inputs.sql', -215425507, 'marquez', '2025-10-05 09:40:09.95018', 3, true);
INSERT INTO public.flyway_schema_history (installed_rank, version, description, type, script, checksum, installed_by, installed_on, execution_time, success) VALUES (31, '29', 'alter dataset versions add fields', 'SQL', 'V29__alter_dataset_versions_add_fields.sql', -770293930, 'marquez', '2025-10-05 09:40:10.003016', 1514, true);
INSERT INTO public.flyway_schema_history (installed_rank, version, description, type, script, checksum, installed_by, installed_on, execution_time, success) VALUES (32, '30', 'alter runs change transitioned at type', 'SQL', 'V30__alter_runs_change_transitioned_at_type.sql', -1874998530, 'marquez', '2025-10-05 09:40:11.558207', 1822, true);
INSERT INTO public.flyway_schema_history (installed_rank, version, description, type, script, checksum, installed_by, installed_on, execution_time, success) VALUES (33, '31', 'alter job io mapping', 'SQL', 'V31__alter_job_io_mapping.sql', -2142178694, 'marquez', '2025-10-05 09:40:13.41186', 548, true);
INSERT INTO public.flyway_schema_history (installed_rank, version, description, type, script, checksum, installed_by, installed_on, execution_time, success) VALUES (34, '32', 'index runs created at', 'SQL', 'V32__index_runs_created_at.sql', -247244423, 'marquez', '2025-10-05 09:40:14.009051', 147, true);
INSERT INTO public.flyway_schema_history (installed_rank, version, description, type, script, checksum, installed_by, installed_on, execution_time, success) VALUES (35, '33', 'index lineage events run id', 'SQL', 'V33__index_lineage_events_run_id.sql', 672120446, 'marquez', '2025-10-05 09:40:14.18585', 328, true);
INSERT INTO public.flyway_schema_history (installed_rank, version, description, type, script, checksum, installed_by, installed_on, execution_time, success) VALUES (36, '34', 'drop not null constraint on field type', 'SQL', 'V34__drop_not_null_constraint_on_field_type.sql', 152166653, 'marquez', '2025-10-05 09:40:14.544984', 1, true);
INSERT INTO public.flyway_schema_history (installed_rank, version, description, type, script, checksum, installed_by, installed_on, execution_time, success) VALUES (37, '35', 'drop io mapping tables', 'SQL', 'V35__drop_io_mapping_tables.sql', 1080042727, 'marquez', '2025-10-05 09:40:14.583581', 3, true);
INSERT INTO public.flyway_schema_history (installed_rank, version, description, type, script, checksum, installed_by, installed_on, execution_time, success) VALUES (38, '36', 'drop run id column in lineage events', 'SQL', 'V36__drop_run_id_column_in_lineage_events.sql', 20168387, 'marquez', '2025-10-05 09:40:14.623096', 2, true);
INSERT INTO public.flyway_schema_history (installed_rank, version, description, type, script, checksum, installed_by, installed_on, execution_time, success) VALUES (39, '37', 'alter dataset fields to change type', 'SQL', 'V37__alter_dataset_fields_to_change_type.sql', -19119809, 'marquez', '2025-10-05 09:40:14.661887', 2, true);
INSERT INTO public.flyway_schema_history (installed_rank, version, description, type, script, checksum, installed_by, installed_on, execution_time, success) VALUES (40, '38', 'alter namespaces to resize name', 'SQL', 'V38__alter_namespaces_to_resize_name.sql', 820604654, 'marquez', '2025-10-05 09:40:14.701749', 2, true);
INSERT INTO public.flyway_schema_history (installed_rank, version, description, type, script, checksum, installed_by, installed_on, execution_time, success) VALUES (41, '39', 'alter sources to resize name', 'SQL', 'V39__alter_sources_to_resize_name.sql', -1021664104, 'marquez', '2025-10-05 09:40:14.752384', 2, true);
INSERT INTO public.flyway_schema_history (installed_rank, version, description, type, script, checksum, installed_by, installed_on, execution_time, success) VALUES (42, '40', 'alter tables resize namespace and connection url', 'SQL', 'V40__alter_tables_resize_namespace_and_connection_url.sql', -950361504, 'marquez', '2025-10-05 09:40:14.802908', 11, true);
INSERT INTO public.flyway_schema_history (installed_rank, version, description, type, script, checksum, installed_by, installed_on, execution_time, success) VALUES (43, '41', 'add operation to dataset versions', 'SQL', 'V41__add_operation_to_dataset_versions.sql', -682333581, 'marquez', '2025-10-05 09:40:14.852952', 3, true);
INSERT INTO public.flyway_schema_history (installed_rank, version, description, type, script, checksum, installed_by, installed_on, execution_time, success) VALUES (44, '42', 'add job symlink target', 'SQL', 'V42__add_job_symlink_target.sql', -1663913980, 'marquez', '2025-10-05 09:40:14.902336', 129, true);
INSERT INTO public.flyway_schema_history (installed_rank, version, description, type, script, checksum, installed_by, installed_on, execution_time, success) VALUES (45, '43', 'alter jobs add job parent uuid', 'SQL', 'V43__alter_jobs_add_job_parent_uuid.sql', -1693885891, 'marquez', '2025-10-05 09:40:15.0668', 370, true);
INSERT INTO public.flyway_schema_history (installed_rank, version, description, type, script, checksum, installed_by, installed_on, execution_time, success) VALUES (46, '44', 'runs job versions add job uuid', 'SQL', 'V44__runs_job_versions_add_job_uuid.sql', -1875331912, 'marquez', '2025-10-05 09:40:15.502361', 405, true);
INSERT INTO public.flyway_schema_history (installed_rank, version, description, type, script, checksum, installed_by, installed_on, execution_time, success) VALUES (47, '44.1', 'UpdateRunsWithJobUUID', 'JDBC', 'marquez.db.migrations.V44_1__UpdateRunsWithJobUUID', NULL, 'marquez', '2025-10-05 09:40:16.58958', 4, true);
INSERT INTO public.flyway_schema_history (installed_rank, version, description, type, script, checksum, installed_by, installed_on, execution_time, success) VALUES (48, '44.2', 'BackfillAirflowParentRuns', 'JDBC', 'marquez.db.migrations.V44_2__BackfillAirflowParentRuns', NULL, 'marquez', '2025-10-05 09:40:16.785881', 161, true);
INSERT INTO public.flyway_schema_history (installed_rank, version, description, type, script, checksum, installed_by, installed_on, execution_time, success) VALUES (49, '44.3', 'BackfillJobsWithParents', 'JDBC', 'marquez.db.migrations.V44_3_BackfillJobsWithParents', NULL, 'marquez', '2025-10-05 09:40:16.864453', 15, true);
INSERT INTO public.flyway_schema_history (installed_rank, version, description, type, script, checksum, installed_by, installed_on, execution_time, success) VALUES (50, '45', 'update jobs view rule', 'SQL', 'V45__update_jobs_view_rule.sql', -280915853, 'marquez', '2025-10-05 09:40:16.904893', 764, true);
INSERT INTO public.flyway_schema_history (installed_rank, version, description, type, script, checksum, installed_by, installed_on, execution_time, success) VALUES (51, '46', 'add hidden column to jobs and datasets', 'SQL', 'V46__add_hidden_column_to_jobs_and_datasets.sql', -2093687670, 'marquez', '2025-10-05 09:40:17.809495', 2, true);
INSERT INTO public.flyway_schema_history (installed_rank, version, description, type, script, checksum, installed_by, installed_on, execution_time, success) VALUES (52, '47', 'add lineage event indexes', 'SQL', 'V47__add_lineage_event_indexes.sql', -879937579, 'marquez', '2025-10-05 09:40:18.111177', 256, true);
INSERT INTO public.flyway_schema_history (installed_rank, version, description, type, script, checksum, installed_by, installed_on, execution_time, success) VALUES (53, '48', 'dataset symlinks', 'SQL', 'V48__dataset_symlinks.sql', 482425120, 'marquez', '2025-10-05 09:40:18.158133', 378, true);
INSERT INTO public.flyway_schema_history (installed_rank, version, description, type, script, checksum, installed_by, installed_on, execution_time, success) VALUES (54, '49', 'column lineage', 'SQL', 'V49__column_lineage.sql', 1468403123, 'marquez', '2025-10-05 09:40:18.609525', 504, true);
INSERT INTO public.flyway_schema_history (installed_rank, version, description, type, script, checksum, installed_by, installed_on, execution_time, success) VALUES (55, '50', 'index dataset fields', 'SQL', 'V50__index_dataset_fields.sql', -721291678, 'marquez', '2025-10-05 09:40:19.669022', 135, true);
INSERT INTO public.flyway_schema_history (installed_rank, version, description, type, script, checksum, installed_by, installed_on, execution_time, success) VALUES (56, '51', 'job indices for lineage', 'SQL', 'V51__job_indices_for_lineage.sql', -321641419, 'marquez', '2025-10-05 09:40:19.851899', 423, true);
INSERT INTO public.flyway_schema_history (installed_rank, version, description, type, script, checksum, installed_by, installed_on, execution_time, success) VALUES (57, '52', 'alter dataset symlinks', 'SQL', 'V52__alter_dataset_symlinks.sql', -1124200827, 'marquez', '2025-10-05 09:40:20.323593', 5, true);
INSERT INTO public.flyway_schema_history (installed_rank, version, description, type, script, checksum, installed_by, installed_on, execution_time, success) VALUES (58, '53', 'add hidden namespace', 'SQL', 'V53__add_hidden_namespace.sql', 1981830490, 'marquez', '2025-10-05 09:40:20.378923', 2, true);
INSERT INTO public.flyway_schema_history (installed_rank, version, description, type, script, checksum, installed_by, installed_on, execution_time, success) VALUES (59, '54', 'lineage events created at indexed', 'SQL', 'V54__lineage_events_created_at_indexed.sql', 294446229, 'marquez', '2025-10-05 09:40:20.424155', 183, true);
INSERT INTO public.flyway_schema_history (installed_rank, version, description, type, script, checksum, installed_by, installed_on, execution_time, success) VALUES (60, '55.1', 'add dataset facets', 'SQL', 'V55.1__add_dataset_facets.sql', -303536951, 'marquez', '2025-10-05 09:40:20.654263', 133, true);
INSERT INTO public.flyway_schema_history (installed_rank, version, description, type, script, checksum, installed_by, installed_on, execution_time, success) VALUES (61, '55.2', 'add job facets', 'SQL', 'V55.2__add_job_facets.sql', -1695069988, 'marquez', '2025-10-05 09:40:20.881476', 399, true);
INSERT INTO public.flyway_schema_history (installed_rank, version, description, type, script, checksum, installed_by, installed_on, execution_time, success) VALUES (62, '55.3', 'add run facets', 'SQL', 'V55.3__add_run_facets.sql', 908415319, 'marquez', '2025-10-05 09:40:21.321518', 230, true);
INSERT INTO public.flyway_schema_history (installed_rank, version, description, type, script, checksum, installed_by, installed_on, execution_time, success) VALUES (63, '56.1', 'CreateFacetViews', 'JDBC', 'marquez.db.migrations.V56_1__FacetViews', NULL, 'marquez', '2025-10-05 09:40:21.775318', 175, true);
INSERT INTO public.flyway_schema_history (installed_rank, version, description, type, script, checksum, installed_by, installed_on, execution_time, success) VALUES (64, '57.1', 'add migration lock', 'SQL', 'V57.1__add_migration_lock.sql', 911615881, 'marquez', '2025-10-05 09:40:21.832425', 2, true);
INSERT INTO public.flyway_schema_history (installed_rank, version, description, type, script, checksum, installed_by, installed_on, execution_time, success) VALUES (65, '57.2', 'BackFillFacets', 'JDBC', 'marquez.db.migrations.V57_1__BackfillFacets', NULL, 'marquez', '2025-10-05 09:40:22.179212', 301, true);
INSERT INTO public.flyway_schema_history (installed_rank, version, description, type, script, checksum, installed_by, installed_on, execution_time, success) VALUES (66, '58', 'job fqn name index', 'SQL', 'V58__job_fqn_name_index.sql', 736537797, 'marquez', '2025-10-05 09:40:22.35463', 478, true);
INSERT INTO public.flyway_schema_history (installed_rank, version, description, type, script, checksum, installed_by, installed_on, execution_time, success) VALUES (67, '59.1', 'column lineage add indexes', 'SQL', 'V59.1__column_lineage_add_indexes.sql', 1323222333, 'marquez', '2025-10-05 09:40:23.323715', 623, true);
INSERT INTO public.flyway_schema_history (installed_rank, version, description, type, script, checksum, installed_by, installed_on, execution_time, success) VALUES (68, '59.2', 'facet tables indexes', 'SQL', 'V59.2__facet_tables_indexes.sql', 631441114, 'marquez', '2025-10-05 09:40:23.983277', 427, true);
INSERT INTO public.flyway_schema_history (installed_rank, version, description, type, script, checksum, installed_by, installed_on, execution_time, success) VALUES (69, '60', 'alter job versions to drop job context uuid', 'SQL', 'V60__alter_job_versions_to_drop_job_context_uuid.sql', -832590658, 'marquez', '2025-10-05 09:40:24.446163', 2, true);
INSERT INTO public.flyway_schema_history (installed_rank, version, description, type, script, checksum, installed_by, installed_on, execution_time, success) VALUES (70, '61', 'unique job fqn index', 'SQL', 'V61__unique_job_fqn_index.sql', 1013431334, 'marquez', '2025-10-05 09:40:24.491428', 99, true);
INSERT INTO public.flyway_schema_history (installed_rank, version, description, type, script, checksum, installed_by, installed_on, execution_time, success) VALUES (71, '62', 'index run states and parent run', 'SQL', 'V62__index_run_states_and_parent_run.sql', 2137151132, 'marquez', '2025-10-05 09:40:24.64418', 432, true);
INSERT INTO public.flyway_schema_history (installed_rank, version, description, type, script, checksum, installed_by, installed_on, execution_time, success) VALUES (72, '63', 'alter tables add on cascade delete', 'SQL', 'V63__alter_tables_add_on_cascade_delete.sql', -384924584, 'marquez', '2025-10-05 09:40:25.133368', 39, true);
INSERT INTO public.flyway_schema_history (installed_rank, version, description, type, script, checksum, installed_by, installed_on, execution_time, success) VALUES (73, '64', 'drop job contexts', 'SQL', 'V64__drop_job_contexts.sql', 1890655831, 'marquez', '2025-10-05 09:40:25.225921', 8, true);
INSERT INTO public.flyway_schema_history (installed_rank, version, description, type, script, checksum, installed_by, installed_on, execution_time, success) VALUES (74, '65', 'alter dataset facets to change lineage event type as nullable', 'SQL', 'V65__alter_dataset_facets_to_change_lineage_event_type_as_nullable.sql', 956857703, 'marquez', '2025-10-05 09:40:25.272963', 2, true);
INSERT INTO public.flyway_schema_history (installed_rank, version, description, type, script, checksum, installed_by, installed_on, execution_time, success) VALUES (75, '66.1', 'alter job facets', 'SQL', 'V66.1__alter_job_facets.sql', 395625083, 'marquez', '2025-10-05 09:40:25.318446', 88, true);
INSERT INTO public.flyway_schema_history (installed_rank, version, description, type, script, checksum, installed_by, installed_on, execution_time, success) VALUES (76, '66.2', 'alter lineage events add event type', 'SQL', 'V66.2__alter_lineage_events_add_event_type.sql', -751594947, 'marquez', '2025-10-05 09:40:25.460486', 5, true);
INSERT INTO public.flyway_schema_history (installed_rank, version, description, type, script, checksum, installed_by, installed_on, execution_time, success) VALUES (77, '66.3', 'BackfillJobFacetsWithJobVersion', 'JDBC', 'marquez.db.migrations.V66_3_JobFacetsBackfillJobVersion', NULL, 'marquez', '2025-10-05 09:40:25.516526', 6, true);
INSERT INTO public.flyway_schema_history (installed_rank, version, description, type, script, checksum, installed_by, installed_on, execution_time, success) VALUES (78, '67.1', 'job versions io mapping add job reference', 'SQL', 'V67.1__job_versions_io_mapping_add_job_reference.sql', 17211553, 'marquez', '2025-10-05 09:40:25.600764', 163, true);
INSERT INTO public.flyway_schema_history (installed_rank, version, description, type, script, checksum, installed_by, installed_on, execution_time, success) VALUES (79, '67.2', 'Back fill job_uuid and is_current_job_version in job_versions_io_mapping table', 'JDBC', 'marquez.db.migrations.V67_2_JobVersionsIOMappingBackfillJob', NULL, 'marquez', '2025-10-05 09:40:25.875648', 10, true);
INSERT INTO public.flyway_schema_history (installed_rank, version, description, type, script, checksum, installed_by, installed_on, execution_time, success) VALUES (80, '68', 'add jobs tag mapping', 'SQL', 'V68__add_jobs_tag_mapping.sql', 141423548, 'marquez', '2025-10-05 09:40:25.923357', 139, true);
INSERT INTO public.flyway_schema_history (installed_rank, version, description, type, script, checksum, installed_by, installed_on, execution_time, success) VALUES (81, '69.1', 'dataset schema versions table', 'SQL', 'V69.1__dataset_schema_versions_table.sql', -1811758823, 'marquez', '2025-10-05 09:40:26.1152', 114, true);
INSERT INTO public.flyway_schema_history (installed_rank, version, description, type, script, checksum, installed_by, installed_on, execution_time, success) VALUES (82, '69.2', 'dataset schema versions field mapping table', 'SQL', 'V69.2__dataset_schema_versions_field_mapping_table.sql', 700666937, 'marquez', '2025-10-05 09:40:26.276077', 102, true);
INSERT INTO public.flyway_schema_history (installed_rank, version, description, type, script, checksum, installed_by, installed_on, execution_time, success) VALUES (83, '69.3', 'dataset versions new column', 'SQL', 'V69.3__dataset_versions_new_column.sql', -10728884, 'marquez', '2025-10-05 09:40:26.433881', 7, true);
INSERT INTO public.flyway_schema_history (installed_rank, version, description, type, script, checksum, installed_by, installed_on, execution_time, success) VALUES (84, '70', 'alter job facets', 'SQL', 'V70__alter_job_facets.sql', 1277808136, 'marquez', '2025-10-05 09:40:26.477567', 3, true);
INSERT INTO public.flyway_schema_history (installed_rank, version, description, type, script, checksum, installed_by, installed_on, execution_time, success) VALUES (85, '71', 'add mat views lineage metrics', 'SQL', 'V71__add_mat_views_lineage_metrics.sql', 1919336054, 'marquez', '2025-10-05 09:40:26.523106', 177, true);
INSERT INTO public.flyway_schema_history (installed_rank, version, description, type, script, checksum, installed_by, installed_on, execution_time, success) VALUES (86, '72', 'drop daily mat view lineage metrics', 'SQL', 'V72__drop_daily_mat_view_lineage_metrics.sql', 84539992, 'marquez', '2025-10-05 09:40:26.771141', 2, true);
INSERT INTO public.flyway_schema_history (installed_rank, version, description, type, script, checksum, installed_by, installed_on, execution_time, success) VALUES (87, '73', 'alter all timestamps to timestamptz', 'SQL', 'V73__alter_all_timestamps_to_timestamptz.sql', -372751917, 'marquez', '2025-10-05 09:40:26.817646', 19074, true);
INSERT INTO public.flyway_schema_history (installed_rank, version, description, type, script, checksum, installed_by, installed_on, execution_time, success) VALUES (88, '74', 'alter jobs to add current run uuid', 'SQL', 'V74__alter_jobs_to_add_current_run_uuid.sql', -1793850990, 'marquez', '2025-10-05 09:40:45.955744', 933, true);
INSERT INTO public.flyway_schema_history (installed_rank, version, description, type, script, checksum, installed_by, installed_on, execution_time, success) VALUES (89, NULL, 'Datasets view', 'SQL', 'R__Datasets_view.sql', 1933526708, 'marquez', '2025-10-05 09:40:46.959027', 3, true);
INSERT INTO public.flyway_schema_history (installed_rank, version, description, type, script, checksum, installed_by, installed_on, execution_time, success) VALUES (90, NULL, 'Jobs view and rewrite function', 'SQL', 'R__Jobs_view_and_rewrite_function.sql', 1362284566, 'marquez', '2025-10-05 09:40:47.016916', 5, true);
INSERT INTO public.flyway_schema_history (installed_rank, version, description, type, script, checksum, installed_by, installed_on, execution_time, success) VALUES (91, NULL, 'Runs view', 'SQL', 'R__Runs_view.sql', 1385463323, 'marquez', '2025-10-05 09:40:47.084285', 3, true);


ALTER TABLE public.flyway_schema_history ENABLE TRIGGER ALL;

--
-- Data for Name: job_facets; Type: TABLE DATA; Schema: public; Owner: marquez
--

ALTER TABLE public.job_facets DISABLE TRIGGER ALL;

INSERT INTO public.job_facets (created_at, job_uuid, run_uuid, lineage_event_time, lineage_event_type, name, facet, job_version_uuid) VALUES ('2025-10-05 09:41:17.171542+00', 'df3ea846-b981-495d-b76e-7c3d81feb0cf', '4d3b8069-69b6-4708-ade0-3275112c9f04', '2025-10-05 09:40:49+00', 'START', 'documentation', '{"documentation": {"_producer": "https://github.com/MarquezProject/marquez/blob/main/docker/metadata.json", "_schemaURL": "https://openlineage.io/spec/facets/1-0-0/DocumentationJobFacet.json", "description": "Loads newly added restaurant menus daily."}}', '61a0032d-131b-4424-b062-16a6ed3438c4');
INSERT INTO public.job_facets (created_at, job_uuid, run_uuid, lineage_event_time, lineage_event_type, name, facet, job_version_uuid) VALUES ('2025-10-05 09:41:17.171542+00', 'df3ea846-b981-495d-b76e-7c3d81feb0cf', '4d3b8069-69b6-4708-ade0-3275112c9f04', '2025-10-05 09:40:49+00', 'START', 'sql', '{"sql": {"query": "INSERT INTO menus (id, name, restaurant_id, description)\n SELECT id, name, restaurant_id, description\n   FROM tmp_menus;", "_producer": "https://github.com/MarquezProject/marquez/blob/main/docker/metadata.json", "_schemaURL": "https://openlineage.io/spec/facets/1-0-0/SQLJobFacet.json"}}', '61a0032d-131b-4424-b062-16a6ed3438c4');
INSERT INTO public.job_facets (created_at, job_uuid, run_uuid, lineage_event_time, lineage_event_type, name, facet, job_version_uuid) VALUES ('2025-10-05 10:38:39.859446+00', 'df3ea846-b981-495d-b76e-7c3d81feb0cf', '4d3b8069-69b6-4708-ade0-3275112c9f04', '2025-10-05 10:38:33+00', 'START', 'documentation', '{"documentation": {"_producer": "https://github.com/MarquezProject/marquez/blob/main/docker/metadata.json", "_schemaURL": "https://openlineage.io/spec/facets/1-0-0/DocumentationJobFacet.json", "description": "Loads newly added restaurant menus daily."}}', '61a0032d-131b-4424-b062-16a6ed3438c4');
INSERT INTO public.job_facets (created_at, job_uuid, run_uuid, lineage_event_time, lineage_event_type, name, facet, job_version_uuid) VALUES ('2025-10-05 10:38:39.859446+00', 'df3ea846-b981-495d-b76e-7c3d81feb0cf', '4d3b8069-69b6-4708-ade0-3275112c9f04', '2025-10-05 10:38:33+00', 'START', 'sql', '{"sql": {"query": "INSERT INTO menus (id, name, restaurant_id, description)\n SELECT id, name, restaurant_id, description\n   FROM tmp_menus;", "_producer": "https://github.com/MarquezProject/marquez/blob/main/docker/metadata.json", "_schemaURL": "https://openlineage.io/spec/facets/1-0-0/SQLJobFacet.json"}}', '61a0032d-131b-4424-b062-16a6ed3438c4');
INSERT INTO public.job_facets (created_at, job_uuid, run_uuid, lineage_event_time, lineage_event_type, name, facet, job_version_uuid) VALUES ('2025-10-05 10:38:43.804041+00', 'db3d8192-d8eb-49e2-a67a-6df0af9125f6', '6f0c13a5-f29b-46a5-90c1-0ffbebbbd1aa', '2025-10-05 10:38:33+00', 'START', 'documentation', '{"documentation": {"_producer": "https://github.com/MarquezProject/marquez/blob/main/docker/metadata.json", "_schemaURL": "https://openlineage.io/spec/facets/1-0-0/DocumentationJobFacet.json", "description": "Loads newly added menus categories daily."}}', '8156a940-fc71-4fd0-9171-1b643e1001e5');
INSERT INTO public.job_facets (created_at, job_uuid, run_uuid, lineage_event_time, lineage_event_type, name, facet, job_version_uuid) VALUES ('2025-10-05 10:38:43.804041+00', 'db3d8192-d8eb-49e2-a67a-6df0af9125f6', '6f0c13a5-f29b-46a5-90c1-0ffbebbbd1aa', '2025-10-05 10:38:33+00', 'START', 'sql', '{"sql": {"query": "INSERT INTO categories (id, name, menu_id, description)\n SELECT id, name, menu_id, description\n   FROM tmp_categories;", "_producer": "https://github.com/MarquezProject/marquez/blob/main/docker/metadata.json", "_schemaURL": "https://openlineage.io/spec/facets/1-0-0/SQLJobFacet.json"}}', '8156a940-fc71-4fd0-9171-1b643e1001e5');
INSERT INTO public.job_facets (created_at, job_uuid, run_uuid, lineage_event_time, lineage_event_type, name, facet, job_version_uuid) VALUES ('2025-10-05 10:38:45.95122+00', '81541df5-49b9-409c-85b7-c1ba9a3204d7', 'e05901b1-3a06-4b98-8d9c-aaf188c9a28c', '2025-10-05 10:38:33+00', 'START', 'documentation', '{"documentation": {"_producer": "https://github.com/MarquezProject/marquez/blob/main/docker/metadata.json", "_schemaURL": "https://openlineage.io/spec/facets/1-0-0/DocumentationJobFacet.json", "description": "Loads newly added restaurant menu items daily."}}', 'c339336f-fdc7-49f8-a1dc-ce39381b1595');
INSERT INTO public.job_facets (created_at, job_uuid, run_uuid, lineage_event_time, lineage_event_type, name, facet, job_version_uuid) VALUES ('2025-10-05 10:38:45.95122+00', '81541df5-49b9-409c-85b7-c1ba9a3204d7', 'e05901b1-3a06-4b98-8d9c-aaf188c9a28c', '2025-10-05 10:38:33+00', 'START', 'sql', '{"sql": {"query": "INSERT INTO menu_items (id, name, price, category_id, description)\n SELECT id, name, price, category_id, description\n   FROM tmp_menu_items;", "_producer": "https://github.com/MarquezProject/marquez/blob/main/docker/metadata.json", "_schemaURL": "https://openlineage.io/spec/facets/1-0-0/SQLJobFacet.json"}}', 'c339336f-fdc7-49f8-a1dc-ce39381b1595');
INSERT INTO public.job_facets (created_at, job_uuid, run_uuid, lineage_event_time, lineage_event_type, name, facet, job_version_uuid) VALUES ('2025-10-05 10:38:48.967925+00', 'a74b6b92-e8b6-44b2-8f02-4b8371ff54c3', 'a43a8523-349f-4296-807f-3354ac491990', '2025-10-05 10:38:33+00', 'START', 'documentation', '{"documentation": {"_producer": "https://github.com/MarquezProject/marquez/blob/main/docker/metadata.json", "_schemaURL": "https://openlineage.io/spec/facets/1-0-0/DocumentationJobFacet.json", "description": "Loads newly placed orders daily."}}', 'c35d16ea-7a0b-4579-ba4a-f06aae6acbc3');
INSERT INTO public.job_facets (created_at, job_uuid, run_uuid, lineage_event_time, lineage_event_type, name, facet, job_version_uuid) VALUES ('2025-10-05 10:38:48.967925+00', 'a74b6b92-e8b6-44b2-8f02-4b8371ff54c3', 'a43a8523-349f-4296-807f-3354ac491990', '2025-10-05 10:38:33+00', 'START', 'sql', '{"sql": {"query": "INSERT INTO orders (id, placed_on, menu_item_id, quantity, discount_id, comment)\n SELECT id, placed_on, menu_item_id, quantity, discount_id, comment\n   FROM tmp_orders;", "_producer": "https://github.com/MarquezProject/marquez/blob/main/docker/metadata.json", "_schemaURL": "https://openlineage.io/spec/facets/1-0-0/SQLJobFacet.json"}}', 'c35d16ea-7a0b-4579-ba4a-f06aae6acbc3');
INSERT INTO public.job_facets (created_at, job_uuid, run_uuid, lineage_event_time, lineage_event_type, name, facet, job_version_uuid) VALUES ('2025-10-05 10:38:51.990588+00', 'bc122947-b507-4526-91c6-78014f463d51', 'ffba2c14-4170-48da-bec3-ab5fd4ec9a3f', '2025-10-05 10:38:33+00', 'START', 'documentation', '{"documentation": {"_producer": "https://github.com/MarquezProject/marquez/blob/main/docker/metadata.json", "_schemaURL": "https://openlineage.io/spec/facets/1-0-0/DocumentationJobFacet.json", "description": "Loads newly placed orders weekly."}}', '4644dbc7-c47c-4ae7-9a0f-a999b36a2b49');
INSERT INTO public.job_facets (created_at, job_uuid, run_uuid, lineage_event_time, lineage_event_type, name, facet, job_version_uuid) VALUES ('2025-10-05 10:38:51.990588+00', 'bc122947-b507-4526-91c6-78014f463d51', 'ffba2c14-4170-48da-bec3-ab5fd4ec9a3f', '2025-10-05 10:38:33+00', 'START', 'sql', '{"sql": {"query": "INSERT INTO orders_7_days (order_id, placed_on, discount_id, restaurant_id, menu_id, menu_item_id, category_id)\n SELECT o.id AS order_id, o.placed_on, o.discount_id, m.restaurant_id, m.id AS menu_id, mi.id AS menu_item_id, c.id AS category_id\n   FROM orders AS o\n  INNER JOIN menu_items AS mi\n     ON menu_items.id = o.menu_item_id\n  INNER JOIN categories AS c\n     ON c.id = mi.category_id\n  INNER JOIN menus AS m\n     ON m.id = c.menu_id\n  WHERE o.placed_on >= NOW() - interval ''7 days'';", "_producer": "https://github.com/MarquezProject/marquez/blob/main/docker/metadata.json", "_schemaURL": "https://openlineage.io/spec/facets/1-0-0/SQLJobFacet.json"}}', '4644dbc7-c47c-4ae7-9a0f-a999b36a2b49');
INSERT INTO public.job_facets (created_at, job_uuid, run_uuid, lineage_event_time, lineage_event_type, name, facet, job_version_uuid) VALUES ('2025-10-05 10:38:57.070766+00', 'a7655411-716b-48ad-b141-bd784906c5eb', '182a9eaf-881a-4d49-860c-f7e260b8bf60', '2025-10-05 10:38:33+00', 'START', 'documentation', '{"documentation": {"_producer": "https://github.com/MarquezProject/marquez/blob/main/docker/metadata.json", "_schemaURL": "https://openlineage.io/spec/facets/1-0-0/DocumentationJobFacet.json", "description": "Loads newly registered customers daily."}}', 'ee2c75d1-908b-4406-856f-ed15630348d1');
INSERT INTO public.job_facets (created_at, job_uuid, run_uuid, lineage_event_time, lineage_event_type, name, facet, job_version_uuid) VALUES ('2025-10-05 10:38:57.070766+00', 'a7655411-716b-48ad-b141-bd784906c5eb', '182a9eaf-881a-4d49-860c-f7e260b8bf60', '2025-10-05 10:38:33+00', 'START', 'sql', '{"sql": {"query": "INSERT INTO customers (id, created_at, updated_at, name, email, phone, city_id)\n SELECT id, created_at, updated_at, name, email, phone, city_id\n   FROM tmp_customers;", "_producer": "https://github.com/MarquezProject/marquez/blob/main/docker/metadata.json", "_schemaURL": "https://openlineage.io/spec/facets/1-0-0/SQLJobFacet.json"}}', 'ee2c75d1-908b-4406-856f-ed15630348d1');
INSERT INTO public.job_facets (created_at, job_uuid, run_uuid, lineage_event_time, lineage_event_type, name, facet, job_version_uuid) VALUES ('2025-10-05 10:39:01.61771+00', 'fe39e2a4-2af2-477b-9513-1313c243c602', '9f3db1c5-5e9a-4280-8184-18aca4592c77', '2025-10-05 10:38:33+00', 'START', 'documentation', '{"documentation": {"_producer": "https://github.com/MarquezProject/marquez/blob/main/docker/metadata.json", "_schemaURL": "https://openlineage.io/spec/facets/1-0-0/DocumentationJobFacet.json", "description": "Loads newly registered drivers daily."}}', '0e0b6151-d82f-4ca1-9285-c6da796685d2');
INSERT INTO public.job_facets (created_at, job_uuid, run_uuid, lineage_event_time, lineage_event_type, name, facet, job_version_uuid) VALUES ('2025-10-05 10:39:01.61771+00', 'fe39e2a4-2af2-477b-9513-1313c243c602', '9f3db1c5-5e9a-4280-8184-18aca4592c77', '2025-10-05 10:38:33+00', 'START', 'sql', '{"sql": {"query": "INSERT INTO drivers (id, created_at, updated_at, name, email, phone, car_make, car_model, car_year, car_color, car_license_plate)\n SELECT id, created_at, updated_at, name, email, phone, car_make, car_model, car_year, car_color, car_license_plate\n   FROM tmp_drivers;", "_producer": "https://github.com/MarquezProject/marquez/blob/main/docker/metadata.json", "_schemaURL": "https://openlineage.io/spec/facets/1-0-0/SQLJobFacet.json"}}', '0e0b6151-d82f-4ca1-9285-c6da796685d2');
INSERT INTO public.job_facets (created_at, job_uuid, run_uuid, lineage_event_time, lineage_event_type, name, facet, job_version_uuid) VALUES ('2025-10-05 10:39:03.885896+00', 'f0cb0780-9dea-4a77-aeb5-8de74db63961', '8ddfb1d9-415f-4850-bcd6-01d02f011abe', '2025-10-05 10:38:33+00', 'START', 'documentation', '{"documentation": {"_producer": "https://github.com/MarquezProject/marquez/blob/main/docker/metadata.json", "_schemaURL": "https://openlineage.io/spec/facets/1-0-0/DocumentationJobFacet.json", "description": "Loads newly registered restaurants daily."}}', '495aa61f-164d-4439-95f1-7e377b0655f2');
INSERT INTO public.job_facets (created_at, job_uuid, run_uuid, lineage_event_time, lineage_event_type, name, facet, job_version_uuid) VALUES ('2025-10-05 10:39:03.885896+00', 'f0cb0780-9dea-4a77-aeb5-8de74db63961', '8ddfb1d9-415f-4850-bcd6-01d02f011abe', '2025-10-05 10:38:33+00', 'START', 'sql', '{"sql": {"query": "INSERT INTO restaurants (id, created_at, updated_at, name, email, address, phone, city_id, business_hours_id, description)\n SELECT id, created_at, updated_at, name, email, address, phone, city_id, business_hours_id, description\n   FROM tmp_restaurants;", "_producer": "https://github.com/MarquezProject/marquez/blob/main/docker/metadata.json", "_schemaURL": "https://openlineage.io/spec/facets/1-0-0/SQLJobFacet.json"}}', '495aa61f-164d-4439-95f1-7e377b0655f2');
INSERT INTO public.job_facets (created_at, job_uuid, run_uuid, lineage_event_time, lineage_event_type, name, facet, job_version_uuid) VALUES ('2025-10-05 10:38:58.979779+00', 'f2ec21eb-c33d-4dcb-86e4-9adaa3eeb4eb', 'b7098939-87f0-4207-878f-dfd8e8804d8a', '2025-10-05 10:38:33+00', 'START', 'documentation', '{"documentation": {"_producer": "https://github.com/MarquezProject/marquez/blob/main/docker/metadata.json", "_schemaURL": "https://openlineage.io/spec/facets/1-0-0/DocumentationJobFacet.json", "description": "Loads order statues updates daily."}}', '45a22a4c-9481-4af2-a506-5d5c7717c2be');
INSERT INTO public.job_facets (created_at, job_uuid, run_uuid, lineage_event_time, lineage_event_type, name, facet, job_version_uuid) VALUES ('2025-10-05 10:38:58.979779+00', 'f2ec21eb-c33d-4dcb-86e4-9adaa3eeb4eb', 'b7098939-87f0-4207-878f-dfd8e8804d8a', '2025-10-05 10:38:33+00', 'START', 'sql', '{"sql": {"query": "INSERT INTO order_status (id, transitioned_at, status, order_id, customer_id, restaurant_id, driver_id)\n SELECT id, transitioned_at, status, order_id, customer_id, restaurant_id, driver_id\n   FROM tmp_order_status;", "_producer": "https://github.com/MarquezProject/marquez/blob/main/docker/metadata.json", "_schemaURL": "https://openlineage.io/spec/facets/1-0-0/SQLJobFacet.json"}}', '45a22a4c-9481-4af2-a506-5d5c7717c2be');
INSERT INTO public.job_facets (created_at, job_uuid, run_uuid, lineage_event_time, lineage_event_type, name, facet, job_version_uuid) VALUES ('2025-10-05 10:39:08.091938+00', '8222d4a8-1d3e-4fab-a4ef-009cab1cd35c', 'd5a2a4c4-fc78-428d-ae85-08c942ed8371', '2025-10-05 10:38:33+00', 'START', 'documentation', '{"documentation": {"_producer": "https://github.com/MarquezProject/marquez/blob/main/docker/metadata.json", "_schemaURL": "https://openlineage.io/spec/facets/1-0-0/DocumentationJobFacet.json", "description": "Loads new deliveries for the week."}}', 'b59de3b6-ee0d-43e9-bf6d-cd0f675fbe62');
INSERT INTO public.job_facets (created_at, job_uuid, run_uuid, lineage_event_time, lineage_event_type, name, facet, job_version_uuid) VALUES ('2025-10-05 10:39:08.091938+00', '8222d4a8-1d3e-4fab-a4ef-009cab1cd35c', 'd5a2a4c4-fc78-428d-ae85-08c942ed8371', '2025-10-05 10:38:33+00', 'START', 'sql', '{"sql": {"query": "INSERT INTO delivery_7_days (order_id, order_placed_on, order_dispatched_on, order_delivered_on, customer_email,\n      customer_address, discount_id, menu_id, restaurant_id, restaurant_address, menu_item_id, category_id, driver_id)\n  SELECT o.order_id, o.placed_on AS order_placed_on,\n    (SELECT transitioned_at FROM order_status WHERE order_id == o.order_id AND status = ''DISPATCHED'') AS order_dispatched_on,\n    (SELECT transitioned_at FROM order_status WHERE order_id == o.order_id AND status = ''DELIVERED'') AS order_delivered_on,\n    c.email AS customer_email, c.address AS customer_address, o.discount_id, o.menu_id, o.restaurant_id,\n      r.address, o.menu_item_id, o.category_id, d.id AS driver_id\n    FROM orders_7_days AS o\n   INNER JOIN order_status AS os\n      ON os.order_id = o.order_id\n   INNER JOIN customers AS c\n      ON c.id = os.customer_id\n   INNER JOIN restaurants AS r\n      ON r.id = os.restaurant_id\n   INNER JOIN drivers AS d\n      ON d.id = os.driver_id\n   WHERE os.transitioned_at >= NOW() - interval ''7 days'';", "_producer": "https://github.com/MarquezProject/marquez/blob/main/docker/metadata.json", "_schemaURL": "https://openlineage.io/spec/facets/1-0-0/SQLJobFacet.json"}}', 'b59de3b6-ee0d-43e9-bf6d-cd0f675fbe62');
INSERT INTO public.job_facets (created_at, job_uuid, run_uuid, lineage_event_time, lineage_event_type, name, facet, job_version_uuid) VALUES ('2025-10-05 10:39:12.972846+00', '3c1c7bea-84e7-4653-b1ac-1fcfe0f27756', 'bd41a42a-bf18-4b74-9bb7-cd62637823d8', '2025-10-05 10:38:33+00', 'START', 'documentation', '{"documentation": {"_producer": "https://github.com/MarquezProject/marquez/blob/main/docker/metadata.json", "_schemaURL": "https://openlineage.io/spec/facets/1-0-0/DocumentationJobFacet.json", "description": "Determine weekly top delivery times by restaurant."}}', '18f99691-58f2-4260-8b66-1d1b4be84123');
INSERT INTO public.job_facets (created_at, job_uuid, run_uuid, lineage_event_time, lineage_event_type, name, facet, job_version_uuid) VALUES ('2025-10-05 10:39:15.482749+00', '6dfdadf3-2908-4f2f-a497-ba32893e038d', 'adc8507c-595e-4d76-9dac-be2bf0ffe1ee', '2025-10-05 10:38:33+00', 'START', 'documentation', '{"documentation": {"_producer": "https://github.com/MarquezProject/marquez/blob/main/docker/metadata.json", "_schemaURL": "https://openlineage.io/spec/facets/1-0-0/DocumentationJobFacet.json", "description": "Determines the popular day of week orders are placed."}}', '2599b373-176b-400c-b613-daff1bf33d3a');
INSERT INTO public.job_facets (created_at, job_uuid, run_uuid, lineage_event_time, lineage_event_type, name, facet, job_version_uuid) VALUES ('2025-10-05 10:39:15.482749+00', '6dfdadf3-2908-4f2f-a497-ba32893e038d', 'adc8507c-595e-4d76-9dac-be2bf0ffe1ee', '2025-10-05 10:38:33+00', 'START', 'sql', '{"sql": {"query": "INSERT INTO popular_orders_day_of_week (order_day_of_week, order_placed_on, orders_placed)\n  SELECT EXTRACT(DOW FROM t.order_placed_on) AS order_day_of_week, t.order_placed_on, COUNT(*) AS orders_placed\n    FROM top_delivery_times AS t\n   INNER JOIN customers AS c\n      ON d.customer_email = c.email\n   GROUP BY t.order_day_of_week\n   ORDER BY t.orders_placed DESC\n   LIMIT 1;", "_producer": "https://github.com/MarquezProject/marquez/blob/main/docker/metadata.json", "_schemaURL": "https://openlineage.io/spec/facets/1-0-0/SQLJobFacet.json"}}', '2599b373-176b-400c-b613-daff1bf33d3a');
INSERT INTO public.job_facets (created_at, job_uuid, run_uuid, lineage_event_time, lineage_event_type, name, facet, job_version_uuid) VALUES ('2025-10-05 10:39:12.972846+00', '3c1c7bea-84e7-4653-b1ac-1fcfe0f27756', 'bd41a42a-bf18-4b74-9bb7-cd62637823d8', '2025-10-05 10:38:33+00', 'START', 'sql', '{"sql": {"query": "INSERT INTO top_delivery_times (order_id, order_placed_on, order_delivered_on, order_delivery_time,\n      customer_email, restaurant_id, driver_id)\n  SELECT order_id, order_placed_on, order_delivered_on, DATEDIFF(minute, order_placed_on, order_delivered_on) AS order_delivery_time,\n    customer_email, restaurant_id, driver_id\n    FROM delivery_7_days\n   GROUP BY restaurant_id\n   ORDER BY order_delivery_time DESC\n   LIMIT 1;\nINSERT INTO discounts (amount_off, customer_email, starts_on, ends_on)\n  SELECT customer_email, DATEDIFF(minute, order_placed_on, order_delivered_on) AS order_delivery_time,\n    CASE WHEN order_delivery_time >= 60 THEN 15\n      ELSE 5\n    END AS amount_off,\n    NOW() AS starts_on,\n    NOW() + interval ''7 days'' AS ends_on\n   FROM top_delivery_times\n  WHERE order_delivery_time >= 45;", "_producer": "https://github.com/MarquezProject/marquez/blob/main/docker/metadata.json", "_schemaURL": "https://openlineage.io/spec/facets/1-0-0/SQLJobFacet.json"}}', '18f99691-58f2-4260-8b66-1d1b4be84123');
INSERT INTO public.job_facets (created_at, job_uuid, run_uuid, lineage_event_time, lineage_event_type, name, facet, job_version_uuid) VALUES ('2025-10-05 10:39:18.677619+00', 'e5ec1548-036d-48a0-88d7-af1cce96e82f', '3ab25429-cf9c-4d1d-9166-1e1946f9d3c3', '2025-10-05 10:38:33+00', 'START', 'documentation', '{"documentation": {"_producer": "https://github.com/MarquezProject/marquez/blob/main/docker/metadata.json", "_schemaURL": "https://openlineage.io/spec/facets/1-0-0/DocumentationJobFacet.json", "description": "Email discounts to customers that have experienced order delays."}}', '8ff95d0e-b63d-40bb-bc1b-d0e5b505ae17');
INSERT INTO public.job_facets (created_at, job_uuid, run_uuid, lineage_event_time, lineage_event_type, name, facet, job_version_uuid) VALUES ('2025-10-05 10:39:18.677619+00', 'e5ec1548-036d-48a0-88d7-af1cce96e82f', '3ab25429-cf9c-4d1d-9166-1e1946f9d3c3', '2025-10-05 10:38:33+00', 'START', 'sql', '{"sql": {"query": "SELECT d.id, d.amount_off, d.customer_email, d.starts_on, d.ends_on\n  FROM discounts AS d\n INNER JOIN customers AS c\n    ON d.customer_email = c.email;", "_producer": "https://github.com/MarquezProject/marquez/blob/main/docker/metadata.json", "_schemaURL": "https://openlineage.io/spec/facets/1-0-0/SQLJobFacet.json"}}', '8ff95d0e-b63d-40bb-bc1b-d0e5b505ae17');


ALTER TABLE public.job_facets ENABLE TRIGGER ALL;

--
-- Data for Name: job_versions_io_mapping; Type: TABLE DATA; Schema: public; Owner: marquez
--

ALTER TABLE public.job_versions_io_mapping DISABLE TRIGGER ALL;

INSERT INTO public.job_versions_io_mapping (job_version_uuid, dataset_uuid, io_type, job_uuid, job_symlink_target_uuid, is_current_job_version, made_current_at) VALUES ('61a0032d-131b-4424-b062-16a6ed3438c4', '70fecfb6-731a-4952-ad94-c145fd39b6c4', 'OUTPUT', 'df3ea846-b981-495d-b76e-7c3d81feb0cf', NULL, true, '2025-10-05 10:38:43.033172');
INSERT INTO public.job_versions_io_mapping (job_version_uuid, dataset_uuid, io_type, job_uuid, job_symlink_target_uuid, is_current_job_version, made_current_at) VALUES ('8156a940-fc71-4fd0-9171-1b643e1001e5', '8928e75d-07a2-4837-80b8-e7b0b9827b52', 'OUTPUT', 'db3d8192-d8eb-49e2-a67a-6df0af9125f6', NULL, true, '2025-10-05 10:38:45.044207');
INSERT INTO public.job_versions_io_mapping (job_version_uuid, dataset_uuid, io_type, job_uuid, job_symlink_target_uuid, is_current_job_version, made_current_at) VALUES ('c339336f-fdc7-49f8-a1dc-ce39381b1595', '84e5ecdf-4681-4d6a-a1de-935ed0cf7e30', 'OUTPUT', '81541df5-49b9-409c-85b7-c1ba9a3204d7', NULL, true, '2025-10-05 10:38:48.158359');
INSERT INTO public.job_versions_io_mapping (job_version_uuid, dataset_uuid, io_type, job_uuid, job_symlink_target_uuid, is_current_job_version, made_current_at) VALUES ('c35d16ea-7a0b-4579-ba4a-f06aae6acbc3', '21dae454-f4aa-4d90-9082-6d85460bfae6', 'OUTPUT', 'a74b6b92-e8b6-44b2-8f02-4b8371ff54c3', NULL, true, '2025-10-05 10:38:50.553722');
INSERT INTO public.job_versions_io_mapping (job_version_uuid, dataset_uuid, io_type, job_uuid, job_symlink_target_uuid, is_current_job_version, made_current_at) VALUES ('4644dbc7-c47c-4ae7-9a0f-a999b36a2b49', '70fecfb6-731a-4952-ad94-c145fd39b6c4', 'INPUT', 'bc122947-b507-4526-91c6-78014f463d51', NULL, true, '2025-10-05 10:38:55.539988');
INSERT INTO public.job_versions_io_mapping (job_version_uuid, dataset_uuid, io_type, job_uuid, job_symlink_target_uuid, is_current_job_version, made_current_at) VALUES ('4644dbc7-c47c-4ae7-9a0f-a999b36a2b49', '8928e75d-07a2-4837-80b8-e7b0b9827b52', 'INPUT', 'bc122947-b507-4526-91c6-78014f463d51', NULL, true, '2025-10-05 10:38:55.580035');
INSERT INTO public.job_versions_io_mapping (job_version_uuid, dataset_uuid, io_type, job_uuid, job_symlink_target_uuid, is_current_job_version, made_current_at) VALUES ('4644dbc7-c47c-4ae7-9a0f-a999b36a2b49', '84e5ecdf-4681-4d6a-a1de-935ed0cf7e30', 'INPUT', 'bc122947-b507-4526-91c6-78014f463d51', NULL, true, '2025-10-05 10:38:55.639987');
INSERT INTO public.job_versions_io_mapping (job_version_uuid, dataset_uuid, io_type, job_uuid, job_symlink_target_uuid, is_current_job_version, made_current_at) VALUES ('4644dbc7-c47c-4ae7-9a0f-a999b36a2b49', '21dae454-f4aa-4d90-9082-6d85460bfae6', 'INPUT', 'bc122947-b507-4526-91c6-78014f463d51', NULL, true, '2025-10-05 10:38:55.679603');
INSERT INTO public.job_versions_io_mapping (job_version_uuid, dataset_uuid, io_type, job_uuid, job_symlink_target_uuid, is_current_job_version, made_current_at) VALUES ('4644dbc7-c47c-4ae7-9a0f-a999b36a2b49', 'a0b5b4ee-be79-4851-bac4-8cb4a51bdd99', 'OUTPUT', 'bc122947-b507-4526-91c6-78014f463d51', NULL, true, '2025-10-05 10:38:55.752068');
INSERT INTO public.job_versions_io_mapping (job_version_uuid, dataset_uuid, io_type, job_uuid, job_symlink_target_uuid, is_current_job_version, made_current_at) VALUES ('ee2c75d1-908b-4406-856f-ed15630348d1', '8664f9e0-e8e0-4cbb-8d1a-7e546f6e0f3c', 'OUTPUT', 'a7655411-716b-48ad-b141-bd784906c5eb', NULL, true, '2025-10-05 10:38:58.322289');
INSERT INTO public.job_versions_io_mapping (job_version_uuid, dataset_uuid, io_type, job_uuid, job_symlink_target_uuid, is_current_job_version, made_current_at) VALUES ('45a22a4c-9481-4af2-a506-5d5c7717c2be', '5d8a8f7f-ed35-4d4f-b9f4-c7f2fcbc5213', 'OUTPUT', 'f2ec21eb-c33d-4dcb-86e4-9adaa3eeb4eb', NULL, true, '2025-10-05 10:39:00.862452');
INSERT INTO public.job_versions_io_mapping (job_version_uuid, dataset_uuid, io_type, job_uuid, job_symlink_target_uuid, is_current_job_version, made_current_at) VALUES ('0e0b6151-d82f-4ca1-9285-c6da796685d2', '7d6a88dc-bd8f-4317-9f62-4ebe36c71133', 'OUTPUT', 'fe39e2a4-2af2-477b-9513-1313c243c602', NULL, true, '2025-10-05 10:39:03.250795');
INSERT INTO public.job_versions_io_mapping (job_version_uuid, dataset_uuid, io_type, job_uuid, job_symlink_target_uuid, is_current_job_version, made_current_at) VALUES ('495aa61f-164d-4439-95f1-7e377b0655f2', '2a265120-ce71-4640-9a55-bc5dbfc1924f', 'OUTPUT', 'f0cb0780-9dea-4a77-aeb5-8de74db63961', NULL, true, '2025-10-05 10:39:06.08359');
INSERT INTO public.job_versions_io_mapping (job_version_uuid, dataset_uuid, io_type, job_uuid, job_symlink_target_uuid, is_current_job_version, made_current_at) VALUES ('b59de3b6-ee0d-43e9-bf6d-cd0f675fbe62', 'a0b5b4ee-be79-4851-bac4-8cb4a51bdd99', 'INPUT', '8222d4a8-1d3e-4fab-a4ef-009cab1cd35c', NULL, true, '2025-10-05 10:39:10.993062');
INSERT INTO public.job_versions_io_mapping (job_version_uuid, dataset_uuid, io_type, job_uuid, job_symlink_target_uuid, is_current_job_version, made_current_at) VALUES ('b59de3b6-ee0d-43e9-bf6d-cd0f675fbe62', '8664f9e0-e8e0-4cbb-8d1a-7e546f6e0f3c', 'INPUT', '8222d4a8-1d3e-4fab-a4ef-009cab1cd35c', NULL, true, '2025-10-05 10:39:11.038391');
INSERT INTO public.job_versions_io_mapping (job_version_uuid, dataset_uuid, io_type, job_uuid, job_symlink_target_uuid, is_current_job_version, made_current_at) VALUES ('b59de3b6-ee0d-43e9-bf6d-cd0f675fbe62', '5d8a8f7f-ed35-4d4f-b9f4-c7f2fcbc5213', 'INPUT', '8222d4a8-1d3e-4fab-a4ef-009cab1cd35c', NULL, true, '2025-10-05 10:39:11.07749');
INSERT INTO public.job_versions_io_mapping (job_version_uuid, dataset_uuid, io_type, job_uuid, job_symlink_target_uuid, is_current_job_version, made_current_at) VALUES ('b59de3b6-ee0d-43e9-bf6d-cd0f675fbe62', '7d6a88dc-bd8f-4317-9f62-4ebe36c71133', 'INPUT', '8222d4a8-1d3e-4fab-a4ef-009cab1cd35c', NULL, true, '2025-10-05 10:39:11.148534');
INSERT INTO public.job_versions_io_mapping (job_version_uuid, dataset_uuid, io_type, job_uuid, job_symlink_target_uuid, is_current_job_version, made_current_at) VALUES ('b59de3b6-ee0d-43e9-bf6d-cd0f675fbe62', '2a265120-ce71-4640-9a55-bc5dbfc1924f', 'INPUT', '8222d4a8-1d3e-4fab-a4ef-009cab1cd35c', NULL, true, '2025-10-05 10:39:11.222328');
INSERT INTO public.job_versions_io_mapping (job_version_uuid, dataset_uuid, io_type, job_uuid, job_symlink_target_uuid, is_current_job_version, made_current_at) VALUES ('b59de3b6-ee0d-43e9-bf6d-cd0f675fbe62', 'c1310e8f-76e1-4792-bf2d-823138dcf570', 'OUTPUT', '8222d4a8-1d3e-4fab-a4ef-009cab1cd35c', NULL, true, '2025-10-05 10:39:11.346917');
INSERT INTO public.job_versions_io_mapping (job_version_uuid, dataset_uuid, io_type, job_uuid, job_symlink_target_uuid, is_current_job_version, made_current_at) VALUES ('18f99691-58f2-4260-8b66-1d1b4be84123', 'c1310e8f-76e1-4792-bf2d-823138dcf570', 'INPUT', '3c1c7bea-84e7-4653-b1ac-1fcfe0f27756', NULL, true, '2025-10-05 10:39:14.875033');
INSERT INTO public.job_versions_io_mapping (job_version_uuid, dataset_uuid, io_type, job_uuid, job_symlink_target_uuid, is_current_job_version, made_current_at) VALUES ('18f99691-58f2-4260-8b66-1d1b4be84123', '974c691c-b523-451d-9a9a-c6daf27fa2f5', 'OUTPUT', '3c1c7bea-84e7-4653-b1ac-1fcfe0f27756', NULL, true, '2025-10-05 10:39:14.902385');
INSERT INTO public.job_versions_io_mapping (job_version_uuid, dataset_uuid, io_type, job_uuid, job_symlink_target_uuid, is_current_job_version, made_current_at) VALUES ('18f99691-58f2-4260-8b66-1d1b4be84123', '43abdbba-8614-4fd4-bbaa-80fbe5b6203a', 'OUTPUT', '3c1c7bea-84e7-4653-b1ac-1fcfe0f27756', NULL, true, '2025-10-05 10:39:14.941356');
INSERT INTO public.job_versions_io_mapping (job_version_uuid, dataset_uuid, io_type, job_uuid, job_symlink_target_uuid, is_current_job_version, made_current_at) VALUES ('2599b373-176b-400c-b613-daff1bf33d3a', '8664f9e0-e8e0-4cbb-8d1a-7e546f6e0f3c', 'INPUT', '6dfdadf3-2908-4f2f-a497-ba32893e038d', NULL, true, '2025-10-05 10:39:17.952164');
INSERT INTO public.job_versions_io_mapping (job_version_uuid, dataset_uuid, io_type, job_uuid, job_symlink_target_uuid, is_current_job_version, made_current_at) VALUES ('2599b373-176b-400c-b613-daff1bf33d3a', '974c691c-b523-451d-9a9a-c6daf27fa2f5', 'INPUT', '6dfdadf3-2908-4f2f-a497-ba32893e038d', NULL, true, '2025-10-05 10:39:17.990874');
INSERT INTO public.job_versions_io_mapping (job_version_uuid, dataset_uuid, io_type, job_uuid, job_symlink_target_uuid, is_current_job_version, made_current_at) VALUES ('2599b373-176b-400c-b613-daff1bf33d3a', 'dbc2eeef-7b3c-4809-8cc5-b82c2dfa4b41', 'OUTPUT', '6dfdadf3-2908-4f2f-a497-ba32893e038d', NULL, true, '2025-10-05 10:39:18.053748');
INSERT INTO public.job_versions_io_mapping (job_version_uuid, dataset_uuid, io_type, job_uuid, job_symlink_target_uuid, is_current_job_version, made_current_at) VALUES ('8ff95d0e-b63d-40bb-bc1b-d0e5b505ae17', '8664f9e0-e8e0-4cbb-8d1a-7e546f6e0f3c', 'INPUT', 'e5ec1548-036d-48a0-88d7-af1cce96e82f', NULL, true, '2025-10-05 10:39:19.294876');
INSERT INTO public.job_versions_io_mapping (job_version_uuid, dataset_uuid, io_type, job_uuid, job_symlink_target_uuid, is_current_job_version, made_current_at) VALUES ('8ff95d0e-b63d-40bb-bc1b-d0e5b505ae17', '43abdbba-8614-4fd4-bbaa-80fbe5b6203a', 'INPUT', 'e5ec1548-036d-48a0-88d7-af1cce96e82f', NULL, true, '2025-10-05 10:39:19.369389');


ALTER TABLE public.job_versions_io_mapping ENABLE TRIGGER ALL;

--
-- Data for Name: jobs_fqn; Type: TABLE DATA; Schema: public; Owner: marquez
--

ALTER TABLE public.jobs_fqn DISABLE TRIGGER ALL;



ALTER TABLE public.jobs_fqn ENABLE TRIGGER ALL;

--
-- Data for Name: jobs_tag_mapping; Type: TABLE DATA; Schema: public; Owner: marquez
--

ALTER TABLE public.jobs_tag_mapping DISABLE TRIGGER ALL;



ALTER TABLE public.jobs_tag_mapping ENABLE TRIGGER ALL;

--
-- Data for Name: lineage_events; Type: TABLE DATA; Schema: public; Owner: marquez
--

ALTER TABLE public.lineage_events DISABLE TRIGGER ALL;

INSERT INTO public.lineage_events (event_time, event, event_type, job_name, job_namespace, producer, run_uuid, created_at, _event_type) VALUES ('2025-10-05 09:40:49+00', '{"job": {"name": "etl_menus", "facets": {"sql": {"query": "INSERT INTO menus (id, name, restaurant_id, description)\n SELECT id, name, restaurant_id, description\n   FROM tmp_menus;", "_producer": "https://github.com/MarquezProject/marquez/blob/main/docker/metadata.json", "_schemaURL": "https://openlineage.io/spec/facets/1-0-0/SQLJobFacet.json"}, "documentation": {"_producer": "https://github.com/MarquezProject/marquez/blob/main/docker/metadata.json", "_schemaURL": "https://openlineage.io/spec/facets/1-0-0/DocumentationJobFacet.json", "description": "Loads newly added restaurant menus daily."}}, "namespace": "food_delivery"}, "run": {"runId": "4d3b8069-69b6-4708-ade0-3275112c9f04", "facets": {"nominalTime": {"_producer": "https://github.com/MarquezProject/marquez/blob/main/docker/metadata.json", "_schemaURL": "https://openlineage.io/spec/facets/1-0-0/NominalTimeRunFacet.json", "nominalEndTime": "2020-02-22T22:00:00Z", "nominalStartTime": "2020-02-22T22:00:00Z"}}}, "outputs": [{"name": "public.menus", "facets": {"schema": {"fields": [{"name": "id", "type": "INTEGER", "description": "The unique ID of the menu."}, {"name": "name", "type": "VARCHAR", "description": "The name of the menu."}, {"name": "restaurant_id", "type": "INTEGER", "description": "The ID of the restaurant related to the menu."}, {"name": "description", "type": "TEXT", "description": "The description of the menu."}], "_producer": "https://github.com/MarquezProject/marquez/blob/main/docker/metadata.json", "_schemaURL": "https://openlineage.io/spec/facets/1-0-0/SchemaDatasetFacet.json"}, "dataSource": {"uri": "postgres://food_delivery:food_delivery@postgres:5432/food_delivery", "name": "food_delivery_db", "_producer": "https://github.com/MarquezProject/marquez/blob/main/docker/metadata.json", "_schemaURL": "https://openlineage.io/spec/facets/1-0-0/DatasourceDatasetFacet.json"}, "documentation": {"_producer": "https://github.com/MarquezProject/marquez/blob/main/docker/metadata.json", "_schemaURL": "https://openlineage.io/spec/facets/1-0-0/DocumentationDatasetFacet.json", "description": "A table for menus."}}, "namespace": "food_delivery"}], "producer": "https://github.com/MarquezProject/marquez/blob/main/docker/metadata.json", "eventTime": "2025-10-05T09:40:49Z", "eventType": "START", "schemaURL": "https://openlineage.io/spec/1-0-5/OpenLineage.json#/definitions/RunEvent"}', 'START', 'etl_menus', 'food_delivery', 'https://github.com/MarquezProject/marquez/blob/main/docker/metadata.json', '4d3b8069-69b6-4708-ade0-3275112c9f04', '2025-10-05 09:41:15.905175+00', 'RUN_EVENT');
INSERT INTO public.lineage_events (event_time, event, event_type, job_name, job_namespace, producer, run_uuid, created_at, _event_type) VALUES ('2025-10-05 10:38:33+00', '{"job": {"name": "etl_menus", "facets": {"sql": {"query": "INSERT INTO menus (id, name, restaurant_id, description)\n SELECT id, name, restaurant_id, description\n   FROM tmp_menus;", "_producer": "https://github.com/MarquezProject/marquez/blob/main/docker/metadata.json", "_schemaURL": "https://openlineage.io/spec/facets/1-0-0/SQLJobFacet.json"}, "documentation": {"_producer": "https://github.com/MarquezProject/marquez/blob/main/docker/metadata.json", "_schemaURL": "https://openlineage.io/spec/facets/1-0-0/DocumentationJobFacet.json", "description": "Loads newly added restaurant menus daily."}}, "namespace": "food_delivery"}, "run": {"runId": "4d3b8069-69b6-4708-ade0-3275112c9f04", "facets": {"nominalTime": {"_producer": "https://github.com/MarquezProject/marquez/blob/main/docker/metadata.json", "_schemaURL": "https://openlineage.io/spec/facets/1-0-0/NominalTimeRunFacet.json", "nominalEndTime": "2020-02-22T22:00:00Z", "nominalStartTime": "2020-02-22T22:00:00Z"}}}, "outputs": [{"name": "public.menus", "facets": {"schema": {"fields": [{"name": "id", "type": "INTEGER", "description": "The unique ID of the menu."}, {"name": "name", "type": "VARCHAR", "description": "The name of the menu."}, {"name": "restaurant_id", "type": "INTEGER", "description": "The ID of the restaurant related to the menu."}, {"name": "description", "type": "TEXT", "description": "The description of the menu."}], "_producer": "https://github.com/MarquezProject/marquez/blob/main/docker/metadata.json", "_schemaURL": "https://openlineage.io/spec/facets/1-0-0/SchemaDatasetFacet.json"}, "dataSource": {"uri": "postgres://food_delivery:food_delivery@postgres:5432/food_delivery", "name": "food_delivery_db", "_producer": "https://github.com/MarquezProject/marquez/blob/main/docker/metadata.json", "_schemaURL": "https://openlineage.io/spec/facets/1-0-0/DatasourceDatasetFacet.json"}, "documentation": {"_producer": "https://github.com/MarquezProject/marquez/blob/main/docker/metadata.json", "_schemaURL": "https://openlineage.io/spec/facets/1-0-0/DocumentationDatasetFacet.json", "description": "A table for menus."}}, "namespace": "food_delivery"}], "producer": "https://github.com/MarquezProject/marquez/blob/main/docker/metadata.json", "eventTime": "2025-10-05T10:38:33Z", "eventType": "START", "schemaURL": "https://openlineage.io/spec/1-0-5/OpenLineage.json#/definitions/RunEvent"}', 'START', 'etl_menus', 'food_delivery', 'https://github.com/MarquezProject/marquez/blob/main/docker/metadata.json', '4d3b8069-69b6-4708-ade0-3275112c9f04', '2025-10-05 10:38:38.409446+00', 'RUN_EVENT');
INSERT INTO public.lineage_events (event_time, event, event_type, job_name, job_namespace, producer, run_uuid, created_at, _event_type) VALUES ('2025-10-05 10:46:33+00', '{"job": {"name": "etl_menus", "namespace": "food_delivery"}, "run": {"runId": "4d3b8069-69b6-4708-ade0-3275112c9f04"}, "producer": "https://github.com/MarquezProject/marquez/blob/main/docker/metadata.json", "eventTime": "2025-10-05T10:46:33Z", "eventType": "COMPLETE", "schemaURL": "https://openlineage.io/spec/1-0-5/OpenLineage.json#/definitions/RunEvent"}', 'COMPLETE', 'etl_menus', 'food_delivery', 'https://github.com/MarquezProject/marquez/blob/main/docker/metadata.json', '4d3b8069-69b6-4708-ade0-3275112c9f04', '2025-10-05 10:38:42.492578+00', 'RUN_EVENT');
INSERT INTO public.lineage_events (event_time, event, event_type, job_name, job_namespace, producer, run_uuid, created_at, _event_type) VALUES ('2025-10-05 10:38:33+00', '{"job": {"name": "etl_categories", "facets": {"sql": {"query": "INSERT INTO categories (id, name, menu_id, description)\n SELECT id, name, menu_id, description\n   FROM tmp_categories;", "_producer": "https://github.com/MarquezProject/marquez/blob/main/docker/metadata.json", "_schemaURL": "https://openlineage.io/spec/facets/1-0-0/SQLJobFacet.json"}, "documentation": {"_producer": "https://github.com/MarquezProject/marquez/blob/main/docker/metadata.json", "_schemaURL": "https://openlineage.io/spec/facets/1-0-0/DocumentationJobFacet.json", "description": "Loads newly added menus categories daily."}}, "namespace": "food_delivery"}, "run": {"runId": "6f0c13a5-f29b-46a5-90c1-0ffbebbbd1aa", "facets": {"nominalTime": {"_producer": "https://github.com/MarquezProject/marquez/blob/main/docker/metadata.json", "_schemaURL": "https://openlineage.io/spec/facets/1-0-0/NominalTimeRunFacet.json", "nominalEndTime": "2020-02-22T22:00:00Z", "nominalStartTime": "2020-02-22T22:00:00Z"}}}, "outputs": [{"name": "public.categories", "facets": {"schema": {"fields": [{"name": "id", "type": "INTEGER", "description": "The unique ID of the category."}, {"name": "name", "type": "VARCHAR", "description": "The name of the category."}, {"name": "menu_id", "type": "INTEGER", "description": "The ID of the menu related to the category."}, {"name": "description", "type": "TEXT", "description": "The description of the category."}], "_producer": "https://github.com/MarquezProject/marquez/blob/main/docker/metadata.json", "_schemaURL": "https://openlineage.io/spec/facets/1-0-0/SchemaDatasetFacet.json"}, "dataSource": {"uri": "postgres://food_delivery:food_delivery@postgres:5432/food_delivery", "name": "food_delivery_db", "_producer": "https://github.com/MarquezProject/marquez/blob/main/docker/metadata.json", "_schemaURL": "https://openlineage.io/spec/facets/1-0-0/DatasourceDatasetFacet.json"}, "documentation": {"_producer": "https://github.com/MarquezProject/marquez/blob/main/docker/metadata.json", "_schemaURL": "https://openlineage.io/spec/facets/1-0-0/DocumentationDatasetFacet.json", "description": "A table for categories."}}, "namespace": "food_delivery"}], "producer": "https://github.com/MarquezProject/marquez/blob/main/docker/metadata.json", "eventTime": "2025-10-05T10:38:33Z", "eventType": "START", "schemaURL": "https://openlineage.io/spec/1-0-5/OpenLineage.json#/definitions/RunEvent"}', 'START', 'etl_categories', 'food_delivery', 'https://github.com/MarquezProject/marquez/blob/main/docker/metadata.json', '6f0c13a5-f29b-46a5-90c1-0ffbebbbd1aa', '2025-10-05 10:38:43.406826+00', 'RUN_EVENT');
INSERT INTO public.lineage_events (event_time, event, event_type, job_name, job_namespace, producer, run_uuid, created_at, _event_type) VALUES ('2025-10-05 10:47:33+00', '{"job": {"name": "etl_categories", "namespace": "food_delivery"}, "run": {"runId": "6f0c13a5-f29b-46a5-90c1-0ffbebbbd1aa"}, "producer": "https://github.com/MarquezProject/marquez/blob/main/docker/metadata.json", "eventTime": "2025-10-05T10:47:33Z", "eventType": "COMPLETE", "schemaURL": "https://openlineage.io/spec/1-0-5/OpenLineage.json#/definitions/RunEvent"}', 'COMPLETE', 'etl_categories', 'food_delivery', 'https://github.com/MarquezProject/marquez/blob/main/docker/metadata.json', '6f0c13a5-f29b-46a5-90c1-0ffbebbbd1aa', '2025-10-05 10:38:44.701848+00', 'RUN_EVENT');
INSERT INTO public.lineage_events (event_time, event, event_type, job_name, job_namespace, producer, run_uuid, created_at, _event_type) VALUES ('2025-10-05 10:38:33+00', '{"job": {"name": "etl_menu_items", "facets": {"sql": {"query": "INSERT INTO menu_items (id, name, price, category_id, description)\n SELECT id, name, price, category_id, description\n   FROM tmp_menu_items;", "_producer": "https://github.com/MarquezProject/marquez/blob/main/docker/metadata.json", "_schemaURL": "https://openlineage.io/spec/facets/1-0-0/SQLJobFacet.json"}, "documentation": {"_producer": "https://github.com/MarquezProject/marquez/blob/main/docker/metadata.json", "_schemaURL": "https://openlineage.io/spec/facets/1-0-0/DocumentationJobFacet.json", "description": "Loads newly added restaurant menu items daily."}}, "namespace": "food_delivery"}, "run": {"runId": "e05901b1-3a06-4b98-8d9c-aaf188c9a28c", "facets": {"nominalTime": {"_producer": "https://github.com/MarquezProject/marquez/blob/main/docker/metadata.json", "_schemaURL": "https://openlineage.io/spec/facets/1-0-0/NominalTimeRunFacet.json", "nominalEndTime": "2020-02-22T22:00:00Z", "nominalStartTime": "2020-02-22T22:00:00Z"}}}, "outputs": [{"name": "public.menu_items", "facets": {"schema": {"fields": [{"name": "id", "type": "INTEGER", "description": "The ID of the menu item."}, {"name": "name", "type": "VARCHAR", "description": "The name of the menu item."}, {"name": "price", "type": "VARCHAR", "description": "The price of the menu item."}, {"name": "category_id", "type": "VARCHAR", "description": "The ID of the category related to the item."}, {"name": "description", "type": "TEXT", "description": "The description of the menu item."}], "_producer": "https://github.com/MarquezProject/marquez/blob/main/docker/metadata.json", "_schemaURL": "https://openlineage.io/spec/facets/1-0-0/SchemaDatasetFacet.json"}, "dataSource": {"uri": "postgres://food_delivery:food_delivery@postgres:5432/food_delivery", "name": "food_delivery_db", "_producer": "https://github.com/MarquezProject/marquez/blob/main/docker/metadata.json", "_schemaURL": "https://openlineage.io/spec/facets/1-0-0/DatasourceDatasetFacet.json"}, "documentation": {"_producer": "https://github.com/MarquezProject/marquez/blob/main/docker/metadata.json", "_schemaURL": "https://openlineage.io/spec/facets/1-0-0/DocumentationDatasetFacet.json", "description": "A table for menu items."}}, "namespace": "food_delivery"}], "producer": "https://github.com/MarquezProject/marquez/blob/main/docker/metadata.json", "eventTime": "2025-10-05T10:38:33Z", "eventType": "START", "schemaURL": "https://openlineage.io/spec/1-0-5/OpenLineage.json#/definitions/RunEvent"}', 'START', 'etl_menu_items', 'food_delivery', 'https://github.com/MarquezProject/marquez/blob/main/docker/metadata.json', 'e05901b1-3a06-4b98-8d9c-aaf188c9a28c', '2025-10-05 10:38:45.430622+00', 'RUN_EVENT');
INSERT INTO public.lineage_events (event_time, event, event_type, job_name, job_namespace, producer, run_uuid, created_at, _event_type) VALUES ('2025-10-05 10:46:33+00', '{"job": {"name": "etl_menu_items", "namespace": "food_delivery"}, "run": {"runId": "e05901b1-3a06-4b98-8d9c-aaf188c9a28c"}, "producer": "https://github.com/MarquezProject/marquez/blob/main/docker/metadata.json", "eventTime": "2025-10-05T10:46:33Z", "eventType": "COMPLETE", "schemaURL": "https://openlineage.io/spec/1-0-5/OpenLineage.json#/definitions/RunEvent"}', 'COMPLETE', 'etl_menu_items', 'food_delivery', 'https://github.com/MarquezProject/marquez/blob/main/docker/metadata.json', 'e05901b1-3a06-4b98-8d9c-aaf188c9a28c', '2025-10-05 10:38:47.791713+00', 'RUN_EVENT');
INSERT INTO public.lineage_events (event_time, event, event_type, job_name, job_namespace, producer, run_uuid, created_at, _event_type) VALUES ('2025-10-05 10:43:33+00', '{"job": {"name": "etl_orders", "namespace": "food_delivery"}, "run": {"runId": "a43a8523-349f-4296-807f-3354ac491990"}, "producer": "https://github.com/MarquezProject/marquez/blob/main/docker/metadata.json", "eventTime": "2025-10-05T10:43:33Z", "eventType": "COMPLETE", "schemaURL": "https://openlineage.io/spec/1-0-5/OpenLineage.json#/definitions/RunEvent"}', 'COMPLETE', 'etl_orders', 'food_delivery', 'https://github.com/MarquezProject/marquez/blob/main/docker/metadata.json', 'a43a8523-349f-4296-807f-3354ac491990', '2025-10-05 10:38:50.196321+00', 'RUN_EVENT');
INSERT INTO public.lineage_events (event_time, event, event_type, job_name, job_namespace, producer, run_uuid, created_at, _event_type) VALUES ('2025-10-05 10:38:33+00', '{"job": {"name": "etl_orders", "facets": {"sql": {"query": "INSERT INTO orders (id, placed_on, menu_item_id, quantity, discount_id, comment)\n SELECT id, placed_on, menu_item_id, quantity, discount_id, comment\n   FROM tmp_orders;", "_producer": "https://github.com/MarquezProject/marquez/blob/main/docker/metadata.json", "_schemaURL": "https://openlineage.io/spec/facets/1-0-0/SQLJobFacet.json"}, "documentation": {"_producer": "https://github.com/MarquezProject/marquez/blob/main/docker/metadata.json", "_schemaURL": "https://openlineage.io/spec/facets/1-0-0/DocumentationJobFacet.json", "description": "Loads newly placed orders daily."}}, "namespace": "food_delivery"}, "run": {"runId": "a43a8523-349f-4296-807f-3354ac491990", "facets": {"nominalTime": {"_producer": "https://github.com/MarquezProject/marquez/blob/main/docker/metadata.json", "_schemaURL": "https://openlineage.io/spec/facets/1-0-0/NominalTimeRunFacet.json", "nominalEndTime": "2020-02-22T22:00:00Z", "nominalStartTime": "2020-02-22T22:00:00Z"}}}, "outputs": [{"name": "public.orders", "facets": {"schema": {"fields": [{"name": "id", "type": "INTEGER", "description": "The unique ID of the order."}, {"name": "placed_on", "type": "TIMESTAMP", "description": "An ISO-8601 timestamp representing the date/time the order was placed."}, {"name": "menu_item_id", "type": "INTEGER", "description": "The ID of the menu item related to the order."}, {"name": "quantity", "type": "INTEGER", "description": "The number of the item in the order."}, {"name": "discount_id", "type": "INTEGER", "description": "The unique ID of the discount applied to the order."}, {"name": "comment", "type": "TEXT", "description": "The comment of the order."}], "_producer": "https://github.com/MarquezProject/marquez/blob/main/docker/metadata.json", "_schemaURL": "https://openlineage.io/spec/facets/1-0-0/SchemaDatasetFacet.json"}, "dataSource": {"uri": "postgres://food_delivery:food_delivery@postgres:5432/food_delivery", "name": "food_delivery_db", "_producer": "https://github.com/MarquezProject/marquez/blob/main/docker/metadata.json", "_schemaURL": "https://openlineage.io/spec/facets/1-0-0/DatasourceDatasetFacet.json"}, "documentation": {"_producer": "https://github.com/MarquezProject/marquez/blob/main/docker/metadata.json", "_schemaURL": "https://openlineage.io/spec/facets/1-0-0/DocumentationDatasetFacet.json", "description": "A table for orders."}}, "namespace": "food_delivery"}], "producer": "https://github.com/MarquezProject/marquez/blob/main/docker/metadata.json", "eventTime": "2025-10-05T10:38:33Z", "eventType": "START", "schemaURL": "https://openlineage.io/spec/1-0-5/OpenLineage.json#/definitions/RunEvent"}', 'START', 'etl_orders', 'food_delivery', 'https://github.com/MarquezProject/marquez/blob/main/docker/metadata.json', 'a43a8523-349f-4296-807f-3354ac491990', '2025-10-05 10:38:48.573544+00', 'RUN_EVENT');
INSERT INTO public.lineage_events (event_time, event, event_type, job_name, job_namespace, producer, run_uuid, created_at, _event_type) VALUES ('2025-10-05 10:48:33+00', '{"job": {"name": "etl_customers", "namespace": "food_delivery"}, "run": {"runId": "182a9eaf-881a-4d49-860c-f7e260b8bf60"}, "producer": "https://github.com/MarquezProject/marquez/blob/main/docker/metadata.json", "eventTime": "2025-10-05T10:48:33Z", "eventType": "COMPLETE", "schemaURL": "https://openlineage.io/spec/1-0-5/OpenLineage.json#/definitions/RunEvent"}', 'COMPLETE', 'etl_customers', 'food_delivery', 'https://github.com/MarquezProject/marquez/blob/main/docker/metadata.json', '182a9eaf-881a-4d49-860c-f7e260b8bf60', '2025-10-05 10:38:57.980626+00', 'RUN_EVENT');
INSERT INTO public.lineage_events (event_time, event, event_type, job_name, job_namespace, producer, run_uuid, created_at, _event_type) VALUES ('2025-10-05 10:38:33+00', '{"job": {"name": "etl_order_status", "facets": {"sql": {"query": "INSERT INTO order_status (id, transitioned_at, status, order_id, customer_id, restaurant_id, driver_id)\n SELECT id, transitioned_at, status, order_id, customer_id, restaurant_id, driver_id\n   FROM tmp_order_status;", "_producer": "https://github.com/MarquezProject/marquez/blob/main/docker/metadata.json", "_schemaURL": "https://openlineage.io/spec/facets/1-0-0/SQLJobFacet.json"}, "documentation": {"_producer": "https://github.com/MarquezProject/marquez/blob/main/docker/metadata.json", "_schemaURL": "https://openlineage.io/spec/facets/1-0-0/DocumentationJobFacet.json", "description": "Loads order statues updates daily."}}, "namespace": "food_delivery"}, "run": {"runId": "b7098939-87f0-4207-878f-dfd8e8804d8a", "facets": {"nominalTime": {"_producer": "https://github.com/MarquezProject/marquez/blob/main/docker/metadata.json", "_schemaURL": "https://openlineage.io/spec/facets/1-0-0/NominalTimeRunFacet.json", "nominalEndTime": "2020-02-22T22:00:00Z", "nominalStartTime": "2020-02-22T22:00:00Z"}}}, "outputs": [{"name": "public.order_status", "facets": {"schema": {"fields": [{"name": "id", "type": "INTEGER", "description": "The unique ID of the order status."}, {"name": "transitioned_at", "type": "TIMESTAMP", "description": "An ISO-8601 timestamp representing the date/time the order status was transitioned."}, {"name": "status", "type": "VARCHAR", "description": "The status of the order."}, {"name": "order_id", "type": "INTEGER", "description": "The ID of the order related to the order status."}, {"name": "customer_id", "type": "INTEGER", "description": "The ID of the customer related to the order status."}, {"name": "restaurant_id", "type": "INTEGER", "description": "The ID of the restaurant related to the order status."}, {"name": "driver_id", "type": "INTEGER", "description": "The ID of the driver related to the order status."}], "_producer": "https://github.com/MarquezProject/marquez/blob/main/docker/metadata.json", "_schemaURL": "https://openlineage.io/spec/facets/1-0-0/SchemaDatasetFacet.json"}, "dataSource": {"uri": "postgres://food_delivery:food_delivery@postgres:5432/food_delivery", "name": "food_delivery_db", "_producer": "https://github.com/MarquezProject/marquez/blob/main/docker/metadata.json", "_schemaURL": "https://openlineage.io/spec/facets/1-0-0/DatasourceDatasetFacet.json"}, "documentation": {"_producer": "https://github.com/MarquezProject/marquez/blob/main/docker/metadata.json", "_schemaURL": "https://openlineage.io/spec/facets/1-0-0/DocumentationDatasetFacet.json", "description": "A table for order status."}}, "namespace": "food_delivery"}], "producer": "https://github.com/MarquezProject/marquez/blob/main/docker/metadata.json", "eventTime": "2025-10-05T10:38:33Z", "eventType": "START", "schemaURL": "https://openlineage.io/spec/1-0-5/OpenLineage.json#/definitions/RunEvent"}', 'START', 'etl_order_status', 'food_delivery', 'https://github.com/MarquezProject/marquez/blob/main/docker/metadata.json', 'b7098939-87f0-4207-878f-dfd8e8804d8a', '2025-10-05 10:38:58.685645+00', 'RUN_EVENT');
INSERT INTO public.lineage_events (event_time, event, event_type, job_name, job_namespace, producer, run_uuid, created_at, _event_type) VALUES ('2025-10-05 10:48:33+00', '{"job": {"name": "etl_restaurants", "namespace": "food_delivery"}, "run": {"runId": "8ddfb1d9-415f-4850-bcd6-01d02f011abe"}, "producer": "https://github.com/MarquezProject/marquez/blob/main/docker/metadata.json", "eventTime": "2025-10-05T10:48:33Z", "eventType": "COMPLETE", "schemaURL": "https://openlineage.io/spec/1-0-5/OpenLineage.json#/definitions/RunEvent"}', 'COMPLETE', 'etl_restaurants', 'food_delivery', 'https://github.com/MarquezProject/marquez/blob/main/docker/metadata.json', '8ddfb1d9-415f-4850-bcd6-01d02f011abe', '2025-10-05 10:39:05.041584+00', 'RUN_EVENT');
INSERT INTO public.lineage_events (event_time, event, event_type, job_name, job_namespace, producer, run_uuid, created_at, _event_type) VALUES ('2025-10-05 10:38:33+00', '{"job": {"name": "etl_delivery_7_days", "facets": {"sql": {"query": "INSERT INTO delivery_7_days (order_id, order_placed_on, order_dispatched_on, order_delivered_on, customer_email,\n      customer_address, discount_id, menu_id, restaurant_id, restaurant_address, menu_item_id, category_id, driver_id)\n  SELECT o.order_id, o.placed_on AS order_placed_on,\n    (SELECT transitioned_at FROM order_status WHERE order_id == o.order_id AND status = ''DISPATCHED'') AS order_dispatched_on,\n    (SELECT transitioned_at FROM order_status WHERE order_id == o.order_id AND status = ''DELIVERED'') AS order_delivered_on,\n    c.email AS customer_email, c.address AS customer_address, o.discount_id, o.menu_id, o.restaurant_id,\n      r.address, o.menu_item_id, o.category_id, d.id AS driver_id\n    FROM orders_7_days AS o\n   INNER JOIN order_status AS os\n      ON os.order_id = o.order_id\n   INNER JOIN customers AS c\n      ON c.id = os.customer_id\n   INNER JOIN restaurants AS r\n      ON r.id = os.restaurant_id\n   INNER JOIN drivers AS d\n      ON d.id = os.driver_id\n   WHERE os.transitioned_at >= NOW() - interval ''7 days'';", "_producer": "https://github.com/MarquezProject/marquez/blob/main/docker/metadata.json", "_schemaURL": "https://openlineage.io/spec/facets/1-0-0/SQLJobFacet.json"}, "documentation": {"_producer": "https://github.com/MarquezProject/marquez/blob/main/docker/metadata.json", "_schemaURL": "https://openlineage.io/spec/facets/1-0-0/DocumentationJobFacet.json", "description": "Loads new deliveries for the week."}}, "namespace": "food_delivery"}, "run": {"runId": "d5a2a4c4-fc78-428d-ae85-08c942ed8371", "facets": {"nominalTime": {"_producer": "https://github.com/MarquezProject/marquez/blob/main/docker/metadata.json", "_schemaURL": "https://openlineage.io/spec/facets/1-0-0/NominalTimeRunFacet.json", "nominalEndTime": "2020-02-22T22:00:00Z", "nominalStartTime": "2020-02-22T22:00:00Z"}}}, "inputs": [{"name": "public.orders_7_days", "namespace": "food_delivery"}, {"name": "public.customers", "namespace": "food_delivery"}, {"name": "public.order_status", "namespace": "food_delivery"}, {"name": "public.drivers", "namespace": "food_delivery"}, {"name": "public.restaurants", "namespace": "food_delivery"}], "outputs": [{"name": "public.delivery_7_days", "facets": {"schema": {"fields": [{"name": "order_id", "type": "INTEGER", "description": "The ID of the order."}, {"name": "order_placed_on", "type": "TIMESTAMP", "description": "An ISO-8601 timestamp representing the date/time the order was placed."}, {"name": "order_dispatched_on", "type": "TIMESTAMP", "description": "An ISO-8601 timestamp representing the date/time the order was dispatched."}, {"name": "order_delivered_on", "type": "TIMESTAMP", "description": "An ISO-8601 timestamp representing the date/time the order was delivered."}, {"name": "customer_email", "type": "VARCHAR", "description": "The email address of the customer."}, {"name": "customer_address", "type": "VARCHAR", "description": "The physical address of the customer."}, {"name": "menu_id", "type": "INTEGER", "description": "The ID of the menu related to the order."}, {"name": "restaurant_id", "type": "INTEGER", "description": "The ID of the restaurant."}, {"name": "restaurant_address", "type": "VARCHAR", "description": "The physical address of the restaurant."}, {"name": "menu_item_id", "type": "INTEGER", "description": "The ID of the menu item related to the order."}, {"name": "category_id", "type": "INTEGER", "description": "The ID of category related to the order."}, {"name": "discount_id", "type": "INTEGER", "description": "The ID of the discount applied to the order"}, {"name": "city_id", "type": "INTEGER", "description": "The ID of the city related to the order."}, {"name": "driver_id", "type": "INTEGER", "description": "The ID of the driver related to the order."}], "_producer": "https://github.com/MarquezProject/marquez/blob/main/docker/metadata.json", "_schemaURL": "https://openlineage.io/spec/facets/1-0-0/SchemaDatasetFacet.json"}, "dataSource": {"uri": "postgres://food_delivery:food_delivery@postgres:5432/food_delivery", "name": "food_delivery_db", "_producer": "https://github.com/MarquezProject/marquez/blob/main/docker/metadata.json", "_schemaURL": "https://openlineage.io/spec/facets/1-0-0/DatasourceDatasetFacet.json"}, "columnLineage": {"fields": {"menu_id": {"inputFields": [{"name": "public.orders_7_days", "field": "menu_id", "namespace": "food_delivery"}]}, "order_id": {"inputFields": [{"name": "public.orders_7_days", "field": "order_id", "namespace": "food_delivery"}, {"name": "public.order_status", "field": "order_id", "namespace": "food_delivery"}]}, "driver_id": {"inputFields": [{"name": "public.drivers", "field": "id", "namespace": "food_delivery"}, {"name": "public.order_status", "field": "driver_id", "namespace": "food_delivery"}]}, "category_id": {"inputFields": [{"name": "public.menu_item_id", "field": "category_id", "namespace": "food_delivery"}]}, "discount_id": {"inputFields": [{"name": "public.orders_7_days", "field": "discount_id", "namespace": "food_delivery"}]}, "menu_item_id": {"inputFields": [{"name": "public.restaurants", "field": "menu_item_id", "namespace": "food_delivery"}]}, "restaurant_id": {"inputFields": [{"name": "public.orders_7_days", "field": "restaurant_id", "namespace": "food_delivery"}, {"name": "public.restaurants", "field": "id", "namespace": "food_delivery"}]}, "customer_email": {"inputFields": [{"name": "public.customers", "field": "email", "namespace": "food_delivery"}]}, "order_placed_on": {"inputFields": [{"name": "public.orders_7_days", "field": "placed_on", "namespace": "food_delivery"}]}, "customer_address": {"inputFields": [{"name": "public.customers", "field": "address", "namespace": "food_delivery"}]}, "order_delivered_on": {"inputFields": [{"name": "public.order_status", "field": "transitioned_at", "namespace": "food_delivery"}]}, "restaurant_address": {"inputFields": [{"name": "public.restaurants", "field": "address", "namespace": "food_delivery"}]}, "order_dispatched_on": {"inputFields": [{"name": "public.order_status", "field": "transitioned_at", "namespace": "food_delivery"}]}}, "_producer": "https://github.com/MarquezProject/marquez/blob/main/docker/metadata.json", "_schemaURL": "https://openlineage.io/spec/facets/1-0-1/ColumnLineageDatasetFacet.json"}, "documentation": {"_producer": "https://github.com/MarquezProject/marquez/blob/main/docker/metadata.json", "_schemaURL": "https://openlineage.io/spec/facets/1-0-0/DocumentationDatasetFacet.json", "description": "A table for weekly deliveries."}, "dataQualityAssertions": {"_producer": "https://github.com/MarquezProject/marquez/blob/main/docker/metadata.json", "_schemaURL": "https://openlineage.io/spec/facets/1-0-0/DataQualityAssertionsDatasetFacet.json", "assertions": [{"column": "driver_id", "success": false, "assertion": "not_null"}, {"column": "customer_address", "success": true, "assertion": "is_string"}]}}, "namespace": "food_delivery"}], "producer": "https://github.com/MarquezProject/marquez/blob/main/docker/metadata.json", "eventTime": "2025-10-05T10:38:33Z", "eventType": "START", "schemaURL": "https://openlineage.io/spec/1-0-5/OpenLineage.json#/definitions/RunEvent"}', 'START', 'etl_delivery_7_days', 'food_delivery', 'https://github.com/MarquezProject/marquez/blob/main/docker/metadata.json', 'd5a2a4c4-fc78-428d-ae85-08c942ed8371', '2025-10-05 10:39:07.359145+00', 'RUN_EVENT');
INSERT INTO public.lineage_events (event_time, event, event_type, job_name, job_namespace, producer, run_uuid, created_at, _event_type) VALUES ('2025-10-05 10:44:33+00', '{"job": {"name": "etl_delivery_7_days", "namespace": "food_delivery"}, "run": {"runId": "d5a2a4c4-fc78-428d-ae85-08c942ed8371"}, "producer": "https://github.com/MarquezProject/marquez/blob/main/docker/metadata.json", "eventTime": "2025-10-05T10:44:33Z", "eventType": "COMPLETE", "schemaURL": "https://openlineage.io/spec/1-0-5/OpenLineage.json#/definitions/RunEvent"}', 'COMPLETE', 'etl_delivery_7_days', 'food_delivery', 'https://github.com/MarquezProject/marquez/blob/main/docker/metadata.json', 'd5a2a4c4-fc78-428d-ae85-08c942ed8371', '2025-10-05 10:39:10.574575+00', 'RUN_EVENT');
INSERT INTO public.lineage_events (event_time, event, event_type, job_name, job_namespace, producer, run_uuid, created_at, _event_type) VALUES ('2025-10-05 10:38:33+00', '{"job": {"name": "delivery_times_7_days", "facets": {"sql": {"query": "INSERT INTO top_delivery_times (order_id, order_placed_on, order_delivered_on, order_delivery_time,\n      customer_email, restaurant_id, driver_id)\n  SELECT order_id, order_placed_on, order_delivered_on, DATEDIFF(minute, order_placed_on, order_delivered_on) AS order_delivery_time,\n    customer_email, restaurant_id, driver_id\n    FROM delivery_7_days\n   GROUP BY restaurant_id\n   ORDER BY order_delivery_time DESC\n   LIMIT 1;\nINSERT INTO discounts (amount_off, customer_email, starts_on, ends_on)\n  SELECT customer_email, DATEDIFF(minute, order_placed_on, order_delivered_on) AS order_delivery_time,\n    CASE WHEN order_delivery_time >= 60 THEN 15\n      ELSE 5\n    END AS amount_off,\n    NOW() AS starts_on,\n    NOW() + interval ''7 days'' AS ends_on\n   FROM top_delivery_times\n  WHERE order_delivery_time >= 45;", "_producer": "https://github.com/MarquezProject/marquez/blob/main/docker/metadata.json", "_schemaURL": "https://openlineage.io/spec/facets/1-0-0/SQLJobFacet.json"}, "documentation": {"_producer": "https://github.com/MarquezProject/marquez/blob/main/docker/metadata.json", "_schemaURL": "https://openlineage.io/spec/facets/1-0-0/DocumentationJobFacet.json", "description": "Determine weekly top delivery times by restaurant."}}, "namespace": "food_delivery"}, "run": {"runId": "bd41a42a-bf18-4b74-9bb7-cd62637823d8", "facets": {"nominalTime": {"_producer": "https://github.com/MarquezProject/marquez/blob/main/docker/metadata.json", "_schemaURL": "https://openlineage.io/spec/facets/1-0-0/NominalTimeRunFacet.json", "nominalEndTime": "2020-02-22T22:00:00Z", "nominalStartTime": "2020-02-22T22:00:00Z"}}}, "inputs": [{"name": "public.delivery_7_days", "namespace": "food_delivery"}], "outputs": [{"name": "public.top_delivery_times", "facets": {"schema": {"fields": [{"name": "order_id", "type": "INTEGER", "description": "The ID of the order."}, {"name": "order_placed_on", "type": "TIMESTAMP", "description": "An ISO-8601 timestamp representing the date/time the order was placed."}, {"name": "order_delivered_on", "type": "TIMESTAMP", "description": "An ISO-8601 timestamp representing the date/time the order was delivered."}, {"name": "order_delivery_time", "type": "TIMESTAMP", "description": "An ISO-8601 timestamp representing the total time of delivery."}, {"name": "customer_email", "type": "VARCHAR", "description": "The email address of the customer."}, {"name": "restaurant_id", "type": "INTEGER", "description": "The ID of the restaurant related to the order."}, {"name": "driver_id", "type": "INTEGER", "description": "The ID of the driver related to the order."}], "_producer": "https://github.com/MarquezProject/marquez/blob/main/docker/metadata.json", "_schemaURL": "https://openlineage.io/spec/facets/1-0-0/SchemaDatasetFacet.json"}, "dataSource": {"uri": "postgres://food_delivery:food_delivery@postgres:5432/food_delivery", "name": "food_delivery_db", "_producer": "https://github.com/MarquezProject/marquez/blob/main/docker/metadata.json", "_schemaURL": "https://openlineage.io/spec/facets/1-0-0/DatasourceDatasetFacet.json"}, "columnLineage": {"fields": {"order_id": {"inputFields": [{"name": "public.delivery_7_days", "field": "order_id", "namespace": "food_delivery"}]}, "driver_id": {"inputFields": [{"name": "public.delivery_7_days", "field": "driver_id", "namespace": "food_delivery"}]}, "restaurant_id": {"inputFields": [{"name": "public.delivery_7_days", "field": "restaurant_id", "namespace": "food_delivery"}]}, "customer_email": {"inputFields": [{"name": "public.delivery_7_days", "field": "customer_email", "namespace": "food_delivery"}]}, "order_placed_on": {"inputFields": [{"name": "public.delivery_7_days", "field": "order_placed_on", "namespace": "food_delivery"}]}, "order_delivered_on": {"inputFields": [{"name": "public.delivery_7_days", "field": "order_delivered_on", "namespace": "food_delivery"}]}, "order_delivery_time": {"inputFields": [{"name": "public.delivery_7_days", "field": "order_placed_on", "namespace": "food_delivery"}, {"name": "public.delivery_7_days", "field": "order_delivered_on", "namespace": "food_delivery"}]}}, "_producer": "https://github.com/MarquezProject/marquez/blob/main/docker/metadata.json", "_schemaURL": "https://openlineage.io/spec/facets/1-0-1/ColumnLineageDatasetFacet.json"}, "documentation": {"_producer": "https://github.com/MarquezProject/marquez/blob/main/docker/metadata.json", "_schemaURL": "https://openlineage.io/spec/facets/1-0-0/DocumentationDatasetFacet.json", "description": "A table for top delivery times."}}, "namespace": "food_delivery"}, {"name": "public.discounts", "facets": {"schema": {"fields": [{"name": "id", "type": "INTEGER", "description": "The unique ID of the discount."}, {"name": "amount_off", "type": "INTEGER", "description": "The amount of the discount."}, {"name": "customer_email", "type": "VARCHAR", "description": "The email address of the customer."}, {"name": "starts_on", "type": "TIMESTAMP", "description": "An ISO-8601 timestamp representing the date/time the discount starts."}, {"name": "ends_on", "type": "TIMESTAMP", "description": "An ISO-8601 timestamp representing the date/time the discount ends."}], "_producer": "https://github.com/MarquezProject/marquez/blob/main/docker/metadata.json", "_schemaURL": "https://openlineage.io/spec/facets/1-0-0/SchemaDatasetFacet.json"}, "dataSource": {"uri": "postgres://food_delivery:food_delivery@postgres:5432/food_delivery", "name": "food_delivery_db", "_producer": "https://github.com/MarquezProject/marquez/blob/main/docker/metadata.json", "_schemaURL": "https://openlineage.io/spec/facets/1-0-0/DatasourceDatasetFacet.json"}, "columnLineage": {"fields": {"amount_off": {"inputFields": [{"name": "public.delivery_7_days", "field": "order_placed_on", "namespace": "food_delivery"}, {"name": "public.delivery_7_days", "field": "order_delivered_on", "namespace": "food_delivery"}]}, "customer_email": {"inputFields": [{"name": "public.delivery_7_days", "field": "customer_email", "namespace": "food_delivery"}]}}, "_producer": "https://github.com/MarquezProject/marquez/blob/main/docker/metadata.json", "_schemaURL": "https://openlineage.io/spec/facets/1-0-1/ColumnLineageDatasetFacet.json"}, "documentation": {"_producer": "https://github.com/MarquezProject/marquez/blob/main/docker/metadata.json", "_schemaURL": "https://openlineage.io/spec/facets/1-0-0/DocumentationDatasetFacet.json", "description": "A table for discounts."}}, "namespace": "food_delivery"}], "producer": "https://github.com/MarquezProject/marquez/blob/main/docker/metadata.json", "eventTime": "2025-10-05T10:38:33Z", "eventType": "START", "schemaURL": "https://openlineage.io/spec/1-0-5/OpenLineage.json#/definitions/RunEvent"}', 'START', 'delivery_times_7_days', 'food_delivery', 'https://github.com/MarquezProject/marquez/blob/main/docker/metadata.json', 'bd41a42a-bf18-4b74-9bb7-cd62637823d8', '2025-10-05 10:39:12.677067+00', 'RUN_EVENT');
INSERT INTO public.lineage_events (event_time, event, event_type, job_name, job_namespace, producer, run_uuid, created_at, _event_type) VALUES ('2025-10-05 10:38:33+00', '{"job": {"name": "orders_popular_day_of_week", "facets": {"sql": {"query": "INSERT INTO popular_orders_day_of_week (order_day_of_week, order_placed_on, orders_placed)\n  SELECT EXTRACT(DOW FROM t.order_placed_on) AS order_day_of_week, t.order_placed_on, COUNT(*) AS orders_placed\n    FROM top_delivery_times AS t\n   INNER JOIN customers AS c\n      ON d.customer_email = c.email\n   GROUP BY t.order_day_of_week\n   ORDER BY t.orders_placed DESC\n   LIMIT 1;", "_producer": "https://github.com/MarquezProject/marquez/blob/main/docker/metadata.json", "_schemaURL": "https://openlineage.io/spec/facets/1-0-0/SQLJobFacet.json"}, "documentation": {"_producer": "https://github.com/MarquezProject/marquez/blob/main/docker/metadata.json", "_schemaURL": "https://openlineage.io/spec/facets/1-0-0/DocumentationJobFacet.json", "description": "Determines the popular day of week orders are placed."}}, "namespace": "food_delivery"}, "run": {"runId": "adc8507c-595e-4d76-9dac-be2bf0ffe1ee", "facets": {"nominalTime": {"_producer": "https://github.com/MarquezProject/marquez/blob/main/docker/metadata.json", "_schemaURL": "https://openlineage.io/spec/facets/1-0-0/NominalTimeRunFacet.json", "nominalEndTime": "2020-02-22T22:00:00Z", "nominalStartTime": "2020-02-22T22:00:00Z"}}}, "inputs": [{"name": "public.top_delivery_times", "namespace": "food_delivery"}, {"name": "public.customers", "namespace": "food_delivery"}], "outputs": [{"name": "public.popular_orders_day_of_week", "facets": {"schema": {"fields": [{"name": "order_day_of_week", "type": "INTEGER", "description": "The day of week of the order."}, {"name": "order_placed_on", "type": "TIMESTAMP", "description": "An ISO-8601 timestamp representing the date/time the order was placed."}, {"name": "orders_placed", "type": "INTEGER", "description": "The number of orders placed on day of week."}], "_producer": "https://github.com/MarquezProject/marquez/blob/main/docker/metadata.json", "_schemaURL": "https://openlineage.io/spec/facets/1-0-0/SchemaDatasetFacet.json"}, "dataSource": {"uri": "postgres://food_delivery:food_delivery@postgres:5432/food_delivery", "name": "food_delivery_db", "_producer": "https://github.com/MarquezProject/marquez/blob/main/docker/metadata.json", "_schemaURL": "https://openlineage.io/spec/facets/1-0-0/DatasourceDatasetFacet.json"}, "columnLineage": {"fields": {"order_placed_on": {"inputFields": [{"name": "public.top_delivery_times", "field": "order_placed_on", "namespace": "food_delivery"}]}, "order_day_of_week": {"inputFields": [{"name": "public.top_delivery_times", "field": "order_placed_on", "namespace": "food_delivery"}]}}, "_producer": "https://github.com/MarquezProject/marquez/blob/main/docker/metadata.json", "_schemaURL": "https://openlineage.io/spec/facets/1-0-1/ColumnLineageDatasetFacet.json"}, "documentation": {"_producer": "https://github.com/MarquezProject/marquez/blob/main/docker/metadata.json", "_schemaURL": "https://openlineage.io/spec/facets/1-0-0/DocumentationDatasetFacet.json", "description": "A table for popular orders by day of week."}}, "namespace": "food_delivery"}], "producer": "https://github.com/MarquezProject/marquez/blob/main/docker/metadata.json", "eventTime": "2025-10-05T10:38:33Z", "eventType": "START", "schemaURL": "https://openlineage.io/spec/1-0-5/OpenLineage.json#/definitions/RunEvent"}', 'START', 'orders_popular_day_of_week', 'food_delivery', 'https://github.com/MarquezProject/marquez/blob/main/docker/metadata.json', 'adc8507c-595e-4d76-9dac-be2bf0ffe1ee', '2025-10-05 10:39:15.271405+00', 'RUN_EVENT');
INSERT INTO public.lineage_events (event_time, event, event_type, job_name, job_namespace, producer, run_uuid, created_at, _event_type) VALUES ('2025-10-05 10:38:33+00', '{"job": {"name": "etl_orders_7_days", "facets": {"sql": {"query": "INSERT INTO orders_7_days (order_id, placed_on, discount_id, restaurant_id, menu_id, menu_item_id, category_id)\n SELECT o.id AS order_id, o.placed_on, o.discount_id, m.restaurant_id, m.id AS menu_id, mi.id AS menu_item_id, c.id AS category_id\n   FROM orders AS o\n  INNER JOIN menu_items AS mi\n     ON menu_items.id = o.menu_item_id\n  INNER JOIN categories AS c\n     ON c.id = mi.category_id\n  INNER JOIN menus AS m\n     ON m.id = c.menu_id\n  WHERE o.placed_on >= NOW() - interval ''7 days'';", "_producer": "https://github.com/MarquezProject/marquez/blob/main/docker/metadata.json", "_schemaURL": "https://openlineage.io/spec/facets/1-0-0/SQLJobFacet.json"}, "documentation": {"_producer": "https://github.com/MarquezProject/marquez/blob/main/docker/metadata.json", "_schemaURL": "https://openlineage.io/spec/facets/1-0-0/DocumentationJobFacet.json", "description": "Loads newly placed orders weekly."}}, "namespace": "food_delivery"}, "run": {"runId": "ffba2c14-4170-48da-bec3-ab5fd4ec9a3f", "facets": {"nominalTime": {"_producer": "https://github.com/MarquezProject/marquez/blob/main/docker/metadata.json", "_schemaURL": "https://openlineage.io/spec/facets/1-0-0/NominalTimeRunFacet.json", "nominalEndTime": "2020-02-22T22:00:00Z", "nominalStartTime": "2020-02-22T22:00:00Z"}}}, "inputs": [{"name": "public.menus", "namespace": "food_delivery"}, {"name": "public.menu_items", "namespace": "food_delivery"}, {"name": "public.orders", "namespace": "food_delivery"}, {"name": "public.categories", "namespace": "food_delivery"}], "outputs": [{"name": "public.orders_7_days", "facets": {"schema": {"fields": [{"name": "order_id", "type": "INTEGER", "description": "The ID of the order."}, {"name": "placed_on", "type": "TIMESTAMP", "description": "An ISO-8601 timestamp representing the date/time the order was placed."}, {"name": "discount_id", "type": "INTEGER", "description": "The ID of the discount applied to the order."}, {"name": "restaurant_id", "type": "INTEGER", "description": "The ID of the restaurant related to the order."}, {"name": "menu_id", "type": "INTEGER", "description": "The ID of the menu related to the order."}, {"name": "menu_item_id", "type": "INTEGER", "description": "The ID of the menu item related to the order."}, {"name": "category_id", "type": "INTEGER", "description": "The ID of category related to the order."}], "_producer": "https://github.com/MarquezProject/marquez/blob/main/docker/metadata.json", "_schemaURL": "https://openlineage.io/spec/facets/1-0-0/SchemaDatasetFacet.json"}, "dataSource": {"uri": "postgres://food_delivery:food_delivery@postgres:5432/food_delivery", "name": "food_delivery_db", "_producer": "https://github.com/MarquezProject/marquez/blob/main/docker/metadata.json", "_schemaURL": "https://openlineage.io/spec/facets/1-0-0/DatasourceDatasetFacet.json"}, "columnLineage": {"fields": {"menu_id": {"inputFields": [{"name": "public.menus", "field": "id", "namespace": "food_delivery"}, {"name": "public.categories", "field": "menu_id", "namespace": "food_delivery"}]}, "order_id": {"inputFields": [{"name": "public.orders", "field": "id", "namespace": "food_delivery"}]}, "placed_on": {"inputFields": [{"name": "public.orders", "field": "placed_on", "namespace": "food_delivery"}]}, "category_id": {"inputFields": [{"name": "public.categories", "field": "id", "namespace": "food_delivery"}, {"name": "public.menu_items", "field": "category_id", "namespace": "food_delivery"}]}, "discount_id": {"inputFields": [{"name": "public.orders", "field": "discount_id", "namespace": "food_delivery"}]}, "menu_item_id": {"inputFields": [{"name": "public.menu_items", "field": "id", "namespace": "food_delivery"}, {"name": "public.orders", "field": "menu_item_id", "namespace": "food_delivery"}]}, "restaurant_id": {"inputFields": [{"name": "public.menus", "field": "restaurant_id", "namespace": "food_delivery"}]}}, "_producer": "https://github.com/MarquezProject/marquez/blob/main/docker/metadata.json", "_schemaURL": "https://openlineage.io/spec/facets/1-0-1/ColumnLineageDatasetFacet.json"}, "documentation": {"_producer": "https://github.com/MarquezProject/marquez/blob/main/docker/metadata.json", "_schemaURL": "https://openlineage.io/spec/facets/1-0-0/DocumentationDatasetFacet.json", "description": "A table for weekly orders."}}, "namespace": "food_delivery"}], "producer": "https://github.com/MarquezProject/marquez/blob/main/docker/metadata.json", "eventTime": "2025-10-05T10:38:33Z", "eventType": "START", "schemaURL": "https://openlineage.io/spec/1-0-5/OpenLineage.json#/definitions/RunEvent"}', 'START', 'etl_orders_7_days', 'food_delivery', 'https://github.com/MarquezProject/marquez/blob/main/docker/metadata.json', 'ffba2c14-4170-48da-bec3-ab5fd4ec9a3f', '2025-10-05 10:38:51.307309+00', 'RUN_EVENT');
INSERT INTO public.lineage_events (event_time, event, event_type, job_name, job_namespace, producer, run_uuid, created_at, _event_type) VALUES ('2025-10-05 10:45:33+00', '{"job": {"name": "etl_orders_7_days", "namespace": "food_delivery"}, "run": {"runId": "ffba2c14-4170-48da-bec3-ab5fd4ec9a3f"}, "producer": "https://github.com/MarquezProject/marquez/blob/main/docker/metadata.json", "eventTime": "2025-10-05T10:45:33Z", "eventType": "COMPLETE", "schemaURL": "https://openlineage.io/spec/1-0-5/OpenLineage.json#/definitions/RunEvent"}', 'COMPLETE', 'etl_orders_7_days', 'food_delivery', 'https://github.com/MarquezProject/marquez/blob/main/docker/metadata.json', 'ffba2c14-4170-48da-bec3-ab5fd4ec9a3f', '2025-10-05 10:38:55.102379+00', 'RUN_EVENT');
INSERT INTO public.lineage_events (event_time, event, event_type, job_name, job_namespace, producer, run_uuid, created_at, _event_type) VALUES ('2025-10-05 10:38:33+00', '{"job": {"name": "etl_customers", "facets": {"sql": {"query": "INSERT INTO customers (id, created_at, updated_at, name, email, phone, city_id)\n SELECT id, created_at, updated_at, name, email, phone, city_id\n   FROM tmp_customers;", "_producer": "https://github.com/MarquezProject/marquez/blob/main/docker/metadata.json", "_schemaURL": "https://openlineage.io/spec/facets/1-0-0/SQLJobFacet.json"}, "documentation": {"_producer": "https://github.com/MarquezProject/marquez/blob/main/docker/metadata.json", "_schemaURL": "https://openlineage.io/spec/facets/1-0-0/DocumentationJobFacet.json", "description": "Loads newly registered customers daily."}}, "namespace": "food_delivery"}, "run": {"runId": "182a9eaf-881a-4d49-860c-f7e260b8bf60", "facets": {"nominalTime": {"_producer": "https://github.com/MarquezProject/marquez/blob/main/docker/metadata.json", "_schemaURL": "https://openlineage.io/spec/facets/1-0-0/NominalTimeRunFacet.json", "nominalEndTime": "2020-02-22T22:00:00Z", "nominalStartTime": "2020-02-22T22:00:00Z"}}}, "outputs": [{"name": "public.customers", "facets": {"schema": {"fields": [{"name": "id", "type": "INTEGER", "description": "The unique ID of the customer."}, {"name": "created_at", "type": "TIMESTAMP", "description": "An ISO-8601 timestamp representing the date/time the customer was created."}, {"name": "updated_at", "type": "TIMESTAMP", "description": "An ISO-8601 timestamp representing the date/time the customer was updated."}, {"name": "name", "type": "VARCHAR", "description": "The name of the customer."}, {"name": "email", "type": "VARCHAR", "description": "The email address of the customer."}, {"name": "address", "type": "VARCHAR", "description": "The address of the customer."}, {"name": "phone", "type": "VARCHAR", "description": "The phone number of the customer."}, {"name": "city_id", "type": "INTEGER", "description": "The ID of the city related to the customer."}], "_producer": "https://github.com/MarquezProject/marquez/blob/main/docker/metadata.json", "_schemaURL": "https://openlineage.io/spec/facets/1-0-0/SchemaDatasetFacet.json"}, "dataSource": {"uri": "postgres://food_delivery:food_delivery@postgres:5432/food_delivery", "name": "food_delivery_db", "_producer": "https://github.com/MarquezProject/marquez/blob/main/docker/metadata.json", "_schemaURL": "https://openlineage.io/spec/facets/1-0-0/DatasourceDatasetFacet.json"}, "documentation": {"_producer": "https://github.com/MarquezProject/marquez/blob/main/docker/metadata.json", "_schemaURL": "https://openlineage.io/spec/facets/1-0-0/DocumentationDatasetFacet.json", "description": "A table for customers."}}, "namespace": "food_delivery"}], "producer": "https://github.com/MarquezProject/marquez/blob/main/docker/metadata.json", "eventTime": "2025-10-05T10:38:33Z", "eventType": "START", "schemaURL": "https://openlineage.io/spec/1-0-5/OpenLineage.json#/definitions/RunEvent"}', 'START', 'etl_customers', 'food_delivery', 'https://github.com/MarquezProject/marquez/blob/main/docker/metadata.json', '182a9eaf-881a-4d49-860c-f7e260b8bf60', '2025-10-05 10:38:56.503639+00', 'RUN_EVENT');
INSERT INTO public.lineage_events (event_time, event, event_type, job_name, job_namespace, producer, run_uuid, created_at, _event_type) VALUES ('2025-10-05 10:45:33+00', '{"job": {"name": "etl_order_status", "namespace": "food_delivery"}, "run": {"runId": "b7098939-87f0-4207-878f-dfd8e8804d8a"}, "producer": "https://github.com/MarquezProject/marquez/blob/main/docker/metadata.json", "eventTime": "2025-10-05T10:45:33Z", "eventType": "COMPLETE", "schemaURL": "https://openlineage.io/spec/1-0-5/OpenLineage.json#/definitions/RunEvent"}', 'COMPLETE', 'etl_order_status', 'food_delivery', 'https://github.com/MarquezProject/marquez/blob/main/docker/metadata.json', 'b7098939-87f0-4207-878f-dfd8e8804d8a', '2025-10-05 10:39:00.581408+00', 'RUN_EVENT');
INSERT INTO public.lineage_events (event_time, event, event_type, job_name, job_namespace, producer, run_uuid, created_at, _event_type) VALUES ('2025-10-05 10:38:33+00', '{"job": {"name": "etl_drivers", "facets": {"sql": {"query": "INSERT INTO drivers (id, created_at, updated_at, name, email, phone, car_make, car_model, car_year, car_color, car_license_plate)\n SELECT id, created_at, updated_at, name, email, phone, car_make, car_model, car_year, car_color, car_license_plate\n   FROM tmp_drivers;", "_producer": "https://github.com/MarquezProject/marquez/blob/main/docker/metadata.json", "_schemaURL": "https://openlineage.io/spec/facets/1-0-0/SQLJobFacet.json"}, "documentation": {"_producer": "https://github.com/MarquezProject/marquez/blob/main/docker/metadata.json", "_schemaURL": "https://openlineage.io/spec/facets/1-0-0/DocumentationJobFacet.json", "description": "Loads newly registered drivers daily."}}, "namespace": "food_delivery"}, "run": {"runId": "9f3db1c5-5e9a-4280-8184-18aca4592c77", "facets": {"nominalTime": {"_producer": "https://github.com/MarquezProject/marquez/blob/main/docker/metadata.json", "_schemaURL": "https://openlineage.io/spec/facets/1-0-0/NominalTimeRunFacet.json", "nominalEndTime": "2020-02-22T22:00:00Z", "nominalStartTime": "2020-02-22T22:00:00Z"}}}, "outputs": [{"name": "public.drivers", "facets": {"schema": {"fields": [{"name": "id", "type": "INTEGER", "description": "The unique ID of the driver."}, {"name": "created_at", "type": "TIMESTAMP", "description": "An ISO-8601 timestamp representing the date/time the driver was created."}, {"name": "updated_at", "type": "TIMESTAMP", "description": "An ISO-8601 timestamp representing the date/time the driver was updated."}, {"name": "name", "type": "VARCHAR", "description": "The name of the driver."}, {"name": "email", "type": "VARCHAR", "description": "The email of the driver."}, {"name": "phone", "type": "VARCHAR", "description": "The phone number of the driver."}, {"name": "car_make", "type": "VARCHAR", "description": "The make of the car."}, {"name": "car_model", "type": "VARCHAR", "description": "The model of the car."}, {"name": "car_year", "type": "VARCHAR", "description": "The year of the car."}, {"name": "car_color", "type": "VARCHAR", "description": "The color of the car."}, {"name": "car_license_plate", "type": "VARCHAR", "description": "The license plate number of the car."}], "_producer": "https://github.com/MarquezProject/marquez/blob/main/docker/metadata.json", "_schemaURL": "https://openlineage.io/spec/facets/1-0-0/SchemaDatasetFacet.json"}, "dataSource": {"uri": "postgres://food_delivery:food_delivery@postgres:5432/food_delivery", "name": "food_delivery_db", "_producer": "https://github.com/MarquezProject/marquez/blob/main/docker/metadata.json", "_schemaURL": "https://openlineage.io/spec/facets/1-0-0/DatasourceDatasetFacet.json"}, "documentation": {"_producer": "https://github.com/MarquezProject/marquez/blob/main/docker/metadata.json", "_schemaURL": "https://openlineage.io/spec/facets/1-0-0/DocumentationDatasetFacet.json", "description": "A table for drivers."}}, "namespace": "food_delivery"}], "producer": "https://github.com/MarquezProject/marquez/blob/main/docker/metadata.json", "eventTime": "2025-10-05T10:38:33Z", "eventType": "START", "schemaURL": "https://openlineage.io/spec/1-0-5/OpenLineage.json#/definitions/RunEvent"}', 'START', 'etl_drivers', 'food_delivery', 'https://github.com/MarquezProject/marquez/blob/main/docker/metadata.json', '9f3db1c5-5e9a-4280-8184-18aca4592c77', '2025-10-05 10:39:01.16072+00', 'RUN_EVENT');
INSERT INTO public.lineage_events (event_time, event, event_type, job_name, job_namespace, producer, run_uuid, created_at, _event_type) VALUES ('2025-10-05 10:43:33+00', '{"job": {"name": "etl_drivers", "namespace": "food_delivery"}, "run": {"runId": "9f3db1c5-5e9a-4280-8184-18aca4592c77"}, "producer": "https://github.com/MarquezProject/marquez/blob/main/docker/metadata.json", "eventTime": "2025-10-05T10:43:33Z", "eventType": "COMPLETE", "schemaURL": "https://openlineage.io/spec/1-0-5/OpenLineage.json#/definitions/RunEvent"}', 'COMPLETE', 'etl_drivers', 'food_delivery', 'https://github.com/MarquezProject/marquez/blob/main/docker/metadata.json', '9f3db1c5-5e9a-4280-8184-18aca4592c77', '2025-10-05 10:39:02.820524+00', 'RUN_EVENT');
INSERT INTO public.lineage_events (event_time, event, event_type, job_name, job_namespace, producer, run_uuid, created_at, _event_type) VALUES ('2025-10-05 10:38:33+00', '{"job": {"name": "etl_restaurants", "facets": {"sql": {"query": "INSERT INTO restaurants (id, created_at, updated_at, name, email, address, phone, city_id, business_hours_id, description)\n SELECT id, created_at, updated_at, name, email, address, phone, city_id, business_hours_id, description\n   FROM tmp_restaurants;", "_producer": "https://github.com/MarquezProject/marquez/blob/main/docker/metadata.json", "_schemaURL": "https://openlineage.io/spec/facets/1-0-0/SQLJobFacet.json"}, "documentation": {"_producer": "https://github.com/MarquezProject/marquez/blob/main/docker/metadata.json", "_schemaURL": "https://openlineage.io/spec/facets/1-0-0/DocumentationJobFacet.json", "description": "Loads newly registered restaurants daily."}}, "namespace": "food_delivery"}, "run": {"runId": "8ddfb1d9-415f-4850-bcd6-01d02f011abe", "facets": {"nominalTime": {"_producer": "https://github.com/MarquezProject/marquez/blob/main/docker/metadata.json", "_schemaURL": "https://openlineage.io/spec/facets/1-0-0/NominalTimeRunFacet.json", "nominalEndTime": "2020-02-22T22:00:00Z", "nominalStartTime": "2020-02-22T22:00:00Z"}}}, "outputs": [{"name": "public.restaurants", "facets": {"schema": {"fields": [{"name": "id", "type": "INTEGER", "description": "The unique ID of the restaurant."}, {"name": "created_at", "type": "TIMESTAMP", "description": "An ISO-8601 timestamp representing the date/time the restaurant was created."}, {"name": "updated_at", "type": "TIMESTAMP", "description": "An ISO-8601 timestamp representing the date/time the restaurant was updated."}, {"name": "name", "type": "VARCHAR", "description": "The name of the restaurant."}, {"name": "email", "type": "VARCHAR", "description": "The email address of the restaurant."}, {"name": "address", "type": "VARCHAR", "description": "The address of the restaurant."}, {"name": "phone", "type": "VARCHAR", "description": "The phone number of the restaurant."}, {"name": "city_id", "type": "INTEGER", "description": "The ID of the city related to the restaurant."}, {"name": "business_hours_id", "type": "INTEGER", "description": "The ID of the business hours related to the restaurant."}, {"name": "description", "type": "TEXT", "description": "The description of the restaurant."}], "_producer": "https://github.com/MarquezProject/marquez/blob/main/docker/metadata.json", "_schemaURL": "https://openlineage.io/spec/facets/1-0-0/SchemaDatasetFacet.json"}, "dataSource": {"uri": "postgres://food_delivery:food_delivery@postgres:5432/food_delivery", "name": "food_delivery_db", "_producer": "https://github.com/MarquezProject/marquez/blob/main/docker/metadata.json", "_schemaURL": "https://openlineage.io/spec/facets/1-0-0/DatasourceDatasetFacet.json"}, "documentation": {"_producer": "https://github.com/MarquezProject/marquez/blob/main/docker/metadata.json", "_schemaURL": "https://openlineage.io/spec/facets/1-0-0/DocumentationDatasetFacet.json", "description": "A table for restaurants."}}, "namespace": "food_delivery"}], "producer": "https://github.com/MarquezProject/marquez/blob/main/docker/metadata.json", "eventTime": "2025-10-05T10:38:33Z", "eventType": "START", "schemaURL": "https://openlineage.io/spec/1-0-5/OpenLineage.json#/definitions/RunEvent"}', 'START', 'etl_restaurants', 'food_delivery', 'https://github.com/MarquezProject/marquez/blob/main/docker/metadata.json', '8ddfb1d9-415f-4850-bcd6-01d02f011abe', '2025-10-05 10:39:03.635468+00', 'RUN_EVENT');
INSERT INTO public.lineage_events (event_time, event, event_type, job_name, job_namespace, producer, run_uuid, created_at, _event_type) VALUES ('2025-10-05 10:44:33+00', '{"job": {"name": "delivery_times_7_days", "namespace": "food_delivery"}, "run": {"runId": "bd41a42a-bf18-4b74-9bb7-cd62637823d8"}, "producer": "https://github.com/MarquezProject/marquez/blob/main/docker/metadata.json", "eventTime": "2025-10-05T10:44:33Z", "eventType": "COMPLETE", "schemaURL": "https://openlineage.io/spec/1-0-5/OpenLineage.json#/definitions/RunEvent"}', 'COMPLETE', 'delivery_times_7_days', 'food_delivery', 'https://github.com/MarquezProject/marquez/blob/main/docker/metadata.json', 'bd41a42a-bf18-4b74-9bb7-cd62637823d8', '2025-10-05 10:39:14.641791+00', 'RUN_EVENT');
INSERT INTO public.lineage_events (event_time, event, event_type, job_name, job_namespace, producer, run_uuid, created_at, _event_type) VALUES ('2025-10-05 10:43:33+00', '{"job": {"name": "orders_popular_day_of_week", "namespace": "food_delivery"}, "run": {"runId": "adc8507c-595e-4d76-9dac-be2bf0ffe1ee"}, "producer": "https://github.com/MarquezProject/marquez/blob/main/docker/metadata.json", "eventTime": "2025-10-05T10:43:33Z", "eventType": "COMPLETE", "schemaURL": "https://openlineage.io/spec/1-0-5/OpenLineage.json#/definitions/RunEvent"}', 'COMPLETE', 'orders_popular_day_of_week', 'food_delivery', 'https://github.com/MarquezProject/marquez/blob/main/docker/metadata.json', 'adc8507c-595e-4d76-9dac-be2bf0ffe1ee', '2025-10-05 10:39:16.772264+00', 'RUN_EVENT');
INSERT INTO public.lineage_events (event_time, event, event_type, job_name, job_namespace, producer, run_uuid, created_at, _event_type) VALUES ('2025-10-05 10:38:33+00', '{"job": {"name": "email_discounts", "facets": {"sql": {"query": "SELECT d.id, d.amount_off, d.customer_email, d.starts_on, d.ends_on\n  FROM discounts AS d\n INNER JOIN customers AS c\n    ON d.customer_email = c.email;", "_producer": "https://github.com/MarquezProject/marquez/blob/main/docker/metadata.json", "_schemaURL": "https://openlineage.io/spec/facets/1-0-0/SQLJobFacet.json"}, "documentation": {"_producer": "https://github.com/MarquezProject/marquez/blob/main/docker/metadata.json", "_schemaURL": "https://openlineage.io/spec/facets/1-0-0/DocumentationJobFacet.json", "description": "Email discounts to customers that have experienced order delays."}}, "namespace": "food_delivery"}, "run": {"runId": "3ab25429-cf9c-4d1d-9166-1e1946f9d3c3", "facets": {"nominalTime": {"_producer": "https://github.com/MarquezProject/marquez/blob/main/docker/metadata.json", "_schemaURL": "https://openlineage.io/spec/facets/1-0-0/NominalTimeRunFacet.json", "nominalEndTime": "2020-02-22T22:00:00Z", "nominalStartTime": "2020-02-22T22:00:00Z"}}}, "inputs": [{"name": "public.discounts", "namespace": "food_delivery"}, {"name": "public.customers", "namespace": "food_delivery"}], "producer": "https://github.com/MarquezProject/marquez/blob/main/docker/metadata.json", "eventTime": "2025-10-05T10:38:33Z", "eventType": "START", "schemaURL": "https://openlineage.io/spec/1-0-5/OpenLineage.json#/definitions/RunEvent"}', 'START', 'email_discounts', 'food_delivery', 'https://github.com/MarquezProject/marquez/blob/main/docker/metadata.json', '3ab25429-cf9c-4d1d-9166-1e1946f9d3c3', '2025-10-05 10:39:18.427309+00', 'RUN_EVENT');
INSERT INTO public.lineage_events (event_time, event, event_type, job_name, job_namespace, producer, run_uuid, created_at, _event_type) VALUES ('2025-10-05 10:44:33+00', '{"job": {"name": "email_discounts", "namespace": "food_delivery"}, "run": {"runId": "3ab25429-cf9c-4d1d-9166-1e1946f9d3c3"}, "producer": "https://github.com/MarquezProject/marquez/blob/main/docker/metadata.json", "eventTime": "2025-10-05T10:44:33Z", "eventType": "COMPLETE", "schemaURL": "https://openlineage.io/spec/1-0-5/OpenLineage.json#/definitions/RunEvent"}', 'COMPLETE', 'email_discounts', 'food_delivery', 'https://github.com/MarquezProject/marquez/blob/main/docker/metadata.json', '3ab25429-cf9c-4d1d-9166-1e1946f9d3c3', '2025-10-05 10:39:19.037079+00', 'RUN_EVENT');


ALTER TABLE public.lineage_events ENABLE TRIGGER ALL;

--
-- Data for Name: owners; Type: TABLE DATA; Schema: public; Owner: marquez
--

ALTER TABLE public.owners DISABLE TRIGGER ALL;



ALTER TABLE public.owners ENABLE TRIGGER ALL;

--
-- Data for Name: namespace_ownerships; Type: TABLE DATA; Schema: public; Owner: marquez
--

ALTER TABLE public.namespace_ownerships DISABLE TRIGGER ALL;



ALTER TABLE public.namespace_ownerships ENABLE TRIGGER ALL;

--
-- Data for Name: run_facets; Type: TABLE DATA; Schema: public; Owner: marquez
--

ALTER TABLE public.run_facets DISABLE TRIGGER ALL;

INSERT INTO public.run_facets (created_at, run_uuid, lineage_event_time, lineage_event_type, name, facet) VALUES ('2025-10-05 09:41:16.983147+00', '4d3b8069-69b6-4708-ade0-3275112c9f04', '2025-10-05 09:40:49+00', 'START', 'nominalTime', '{"nominalTime": {"_producer": "https://github.com/MarquezProject/marquez/blob/main/docker/metadata.json", "_schemaURL": "https://openlineage.io/spec/facets/1-0-0/NominalTimeRunFacet.json", "nominalEndTime": "2020-02-22T22:00:00Z", "nominalStartTime": "2020-02-22T22:00:00Z"}}');
INSERT INTO public.run_facets (created_at, run_uuid, lineage_event_time, lineage_event_type, name, facet) VALUES ('2025-10-05 10:38:39.578078+00', '4d3b8069-69b6-4708-ade0-3275112c9f04', '2025-10-05 10:38:33+00', 'START', 'nominalTime', '{"nominalTime": {"_producer": "https://github.com/MarquezProject/marquez/blob/main/docker/metadata.json", "_schemaURL": "https://openlineage.io/spec/facets/1-0-0/NominalTimeRunFacet.json", "nominalEndTime": "2020-02-22T22:00:00Z", "nominalStartTime": "2020-02-22T22:00:00Z"}}');
INSERT INTO public.run_facets (created_at, run_uuid, lineage_event_time, lineage_event_type, name, facet) VALUES ('2025-10-05 10:38:43.631892+00', '6f0c13a5-f29b-46a5-90c1-0ffbebbbd1aa', '2025-10-05 10:38:33+00', 'START', 'nominalTime', '{"nominalTime": {"_producer": "https://github.com/MarquezProject/marquez/blob/main/docker/metadata.json", "_schemaURL": "https://openlineage.io/spec/facets/1-0-0/NominalTimeRunFacet.json", "nominalEndTime": "2020-02-22T22:00:00Z", "nominalStartTime": "2020-02-22T22:00:00Z"}}');
INSERT INTO public.run_facets (created_at, run_uuid, lineage_event_time, lineage_event_type, name, facet) VALUES ('2025-10-05 10:38:45.616814+00', 'e05901b1-3a06-4b98-8d9c-aaf188c9a28c', '2025-10-05 10:38:33+00', 'START', 'nominalTime', '{"nominalTime": {"_producer": "https://github.com/MarquezProject/marquez/blob/main/docker/metadata.json", "_schemaURL": "https://openlineage.io/spec/facets/1-0-0/NominalTimeRunFacet.json", "nominalEndTime": "2020-02-22T22:00:00Z", "nominalStartTime": "2020-02-22T22:00:00Z"}}');
INSERT INTO public.run_facets (created_at, run_uuid, lineage_event_time, lineage_event_type, name, facet) VALUES ('2025-10-05 10:38:48.778569+00', 'a43a8523-349f-4296-807f-3354ac491990', '2025-10-05 10:38:33+00', 'START', 'nominalTime', '{"nominalTime": {"_producer": "https://github.com/MarquezProject/marquez/blob/main/docker/metadata.json", "_schemaURL": "https://openlineage.io/spec/facets/1-0-0/NominalTimeRunFacet.json", "nominalEndTime": "2020-02-22T22:00:00Z", "nominalStartTime": "2020-02-22T22:00:00Z"}}');
INSERT INTO public.run_facets (created_at, run_uuid, lineage_event_time, lineage_event_type, name, facet) VALUES ('2025-10-05 10:38:51.661333+00', 'ffba2c14-4170-48da-bec3-ab5fd4ec9a3f', '2025-10-05 10:38:33+00', 'START', 'nominalTime', '{"nominalTime": {"_producer": "https://github.com/MarquezProject/marquez/blob/main/docker/metadata.json", "_schemaURL": "https://openlineage.io/spec/facets/1-0-0/NominalTimeRunFacet.json", "nominalEndTime": "2020-02-22T22:00:00Z", "nominalStartTime": "2020-02-22T22:00:00Z"}}');
INSERT INTO public.run_facets (created_at, run_uuid, lineage_event_time, lineage_event_type, name, facet) VALUES ('2025-10-05 10:38:56.770848+00', '182a9eaf-881a-4d49-860c-f7e260b8bf60', '2025-10-05 10:38:33+00', 'START', 'nominalTime', '{"nominalTime": {"_producer": "https://github.com/MarquezProject/marquez/blob/main/docker/metadata.json", "_schemaURL": "https://openlineage.io/spec/facets/1-0-0/NominalTimeRunFacet.json", "nominalEndTime": "2020-02-22T22:00:00Z", "nominalStartTime": "2020-02-22T22:00:00Z"}}');
INSERT INTO public.run_facets (created_at, run_uuid, lineage_event_time, lineage_event_type, name, facet) VALUES ('2025-10-05 10:38:58.844631+00', 'b7098939-87f0-4207-878f-dfd8e8804d8a', '2025-10-05 10:38:33+00', 'START', 'nominalTime', '{"nominalTime": {"_producer": "https://github.com/MarquezProject/marquez/blob/main/docker/metadata.json", "_schemaURL": "https://openlineage.io/spec/facets/1-0-0/NominalTimeRunFacet.json", "nominalEndTime": "2020-02-22T22:00:00Z", "nominalStartTime": "2020-02-22T22:00:00Z"}}');
INSERT INTO public.run_facets (created_at, run_uuid, lineage_event_time, lineage_event_type, name, facet) VALUES ('2025-10-05 10:39:01.361096+00', '9f3db1c5-5e9a-4280-8184-18aca4592c77', '2025-10-05 10:38:33+00', 'START', 'nominalTime', '{"nominalTime": {"_producer": "https://github.com/MarquezProject/marquez/blob/main/docker/metadata.json", "_schemaURL": "https://openlineage.io/spec/facets/1-0-0/NominalTimeRunFacet.json", "nominalEndTime": "2020-02-22T22:00:00Z", "nominalStartTime": "2020-02-22T22:00:00Z"}}');
INSERT INTO public.run_facets (created_at, run_uuid, lineage_event_time, lineage_event_type, name, facet) VALUES ('2025-10-05 10:39:03.779368+00', '8ddfb1d9-415f-4850-bcd6-01d02f011abe', '2025-10-05 10:38:33+00', 'START', 'nominalTime', '{"nominalTime": {"_producer": "https://github.com/MarquezProject/marquez/blob/main/docker/metadata.json", "_schemaURL": "https://openlineage.io/spec/facets/1-0-0/NominalTimeRunFacet.json", "nominalEndTime": "2020-02-22T22:00:00Z", "nominalStartTime": "2020-02-22T22:00:00Z"}}');
INSERT INTO public.run_facets (created_at, run_uuid, lineage_event_time, lineage_event_type, name, facet) VALUES ('2025-10-05 10:39:07.788025+00', 'd5a2a4c4-fc78-428d-ae85-08c942ed8371', '2025-10-05 10:38:33+00', 'START', 'nominalTime', '{"nominalTime": {"_producer": "https://github.com/MarquezProject/marquez/blob/main/docker/metadata.json", "_schemaURL": "https://openlineage.io/spec/facets/1-0-0/NominalTimeRunFacet.json", "nominalEndTime": "2020-02-22T22:00:00Z", "nominalStartTime": "2020-02-22T22:00:00Z"}}');
INSERT INTO public.run_facets (created_at, run_uuid, lineage_event_time, lineage_event_type, name, facet) VALUES ('2025-10-05 10:39:12.832941+00', 'bd41a42a-bf18-4b74-9bb7-cd62637823d8', '2025-10-05 10:38:33+00', 'START', 'nominalTime', '{"nominalTime": {"_producer": "https://github.com/MarquezProject/marquez/blob/main/docker/metadata.json", "_schemaURL": "https://openlineage.io/spec/facets/1-0-0/NominalTimeRunFacet.json", "nominalEndTime": "2020-02-22T22:00:00Z", "nominalStartTime": "2020-02-22T22:00:00Z"}}');
INSERT INTO public.run_facets (created_at, run_uuid, lineage_event_time, lineage_event_type, name, facet) VALUES ('2025-10-05 10:39:15.376797+00', 'adc8507c-595e-4d76-9dac-be2bf0ffe1ee', '2025-10-05 10:38:33+00', 'START', 'nominalTime', '{"nominalTime": {"_producer": "https://github.com/MarquezProject/marquez/blob/main/docker/metadata.json", "_schemaURL": "https://openlineage.io/spec/facets/1-0-0/NominalTimeRunFacet.json", "nominalEndTime": "2020-02-22T22:00:00Z", "nominalStartTime": "2020-02-22T22:00:00Z"}}');
INSERT INTO public.run_facets (created_at, run_uuid, lineage_event_time, lineage_event_type, name, facet) VALUES ('2025-10-05 10:39:18.548378+00', '3ab25429-cf9c-4d1d-9166-1e1946f9d3c3', '2025-10-05 10:38:33+00', 'START', 'nominalTime', '{"nominalTime": {"_producer": "https://github.com/MarquezProject/marquez/blob/main/docker/metadata.json", "_schemaURL": "https://openlineage.io/spec/facets/1-0-0/NominalTimeRunFacet.json", "nominalEndTime": "2020-02-22T22:00:00Z", "nominalStartTime": "2020-02-22T22:00:00Z"}}');


ALTER TABLE public.run_facets ENABLE TRIGGER ALL;

--
-- Data for Name: run_states; Type: TABLE DATA; Schema: public; Owner: marquez
--

ALTER TABLE public.run_states DISABLE TRIGGER ALL;

INSERT INTO public.run_states (uuid, transitioned_at, run_uuid, state) VALUES ('0dae3933-5d70-45fd-821e-250e8c01d281', '2025-10-05 09:40:49+00', '4d3b8069-69b6-4708-ade0-3275112c9f04', 'RUNNING');
INSERT INTO public.run_states (uuid, transitioned_at, run_uuid, state) VALUES ('f0e92ff9-e9ac-44eb-9027-b28eabd01bf2', '2025-10-05 10:38:33+00', '4d3b8069-69b6-4708-ade0-3275112c9f04', 'RUNNING');
INSERT INTO public.run_states (uuid, transitioned_at, run_uuid, state) VALUES ('d879d313-f501-41ba-8839-9818422073fc', '2025-10-05 10:46:33+00', '4d3b8069-69b6-4708-ade0-3275112c9f04', 'COMPLETED');
INSERT INTO public.run_states (uuid, transitioned_at, run_uuid, state) VALUES ('cb31791e-5772-4d30-a8a2-58c55f8cd278', '2025-10-05 10:38:33+00', '6f0c13a5-f29b-46a5-90c1-0ffbebbbd1aa', 'RUNNING');
INSERT INTO public.run_states (uuid, transitioned_at, run_uuid, state) VALUES ('df524146-2097-4647-822c-9b4bc821d1fb', '2025-10-05 10:47:33+00', '6f0c13a5-f29b-46a5-90c1-0ffbebbbd1aa', 'COMPLETED');
INSERT INTO public.run_states (uuid, transitioned_at, run_uuid, state) VALUES ('9517b11b-b5ab-4dae-a05c-7373375db9ee', '2025-10-05 10:38:33+00', 'e05901b1-3a06-4b98-8d9c-aaf188c9a28c', 'RUNNING');
INSERT INTO public.run_states (uuid, transitioned_at, run_uuid, state) VALUES ('80c42125-ea18-46b4-a2c1-586cecdff698', '2025-10-05 10:46:33+00', 'e05901b1-3a06-4b98-8d9c-aaf188c9a28c', 'COMPLETED');
INSERT INTO public.run_states (uuid, transitioned_at, run_uuid, state) VALUES ('3588f2b7-7271-47bc-bb62-35e7803a0dd1', '2025-10-05 10:38:33+00', 'a43a8523-349f-4296-807f-3354ac491990', 'RUNNING');
INSERT INTO public.run_states (uuid, transitioned_at, run_uuid, state) VALUES ('414c800f-582e-4630-a385-93e1868a54a2', '2025-10-05 10:43:33+00', 'a43a8523-349f-4296-807f-3354ac491990', 'COMPLETED');
INSERT INTO public.run_states (uuid, transitioned_at, run_uuid, state) VALUES ('460c5d39-aac3-4b44-ad7c-8440fbc37042', '2025-10-05 10:38:33+00', 'ffba2c14-4170-48da-bec3-ab5fd4ec9a3f', 'RUNNING');
INSERT INTO public.run_states (uuid, transitioned_at, run_uuid, state) VALUES ('25d34c81-00e8-42b3-91d4-5701edd1e50b', '2025-10-05 10:45:33+00', 'ffba2c14-4170-48da-bec3-ab5fd4ec9a3f', 'COMPLETED');
INSERT INTO public.run_states (uuid, transitioned_at, run_uuid, state) VALUES ('5226c9e6-024b-4d7c-b382-62bb0205e939', '2025-10-05 10:38:33+00', '182a9eaf-881a-4d49-860c-f7e260b8bf60', 'RUNNING');
INSERT INTO public.run_states (uuid, transitioned_at, run_uuid, state) VALUES ('e835c89a-d968-40f4-aa11-f8d6577a0bed', '2025-10-05 10:48:33+00', '182a9eaf-881a-4d49-860c-f7e260b8bf60', 'COMPLETED');
INSERT INTO public.run_states (uuid, transitioned_at, run_uuid, state) VALUES ('d23995ba-6833-4e3c-833b-f029c6d7d78e', '2025-10-05 10:38:33+00', 'b7098939-87f0-4207-878f-dfd8e8804d8a', 'RUNNING');
INSERT INTO public.run_states (uuid, transitioned_at, run_uuid, state) VALUES ('ab93d1c0-891c-4b92-b582-57acb58792b2', '2025-10-05 10:45:33+00', 'b7098939-87f0-4207-878f-dfd8e8804d8a', 'COMPLETED');
INSERT INTO public.run_states (uuid, transitioned_at, run_uuid, state) VALUES ('f21c6743-f83d-47ea-a96e-13c4149dccdc', '2025-10-05 10:38:33+00', '9f3db1c5-5e9a-4280-8184-18aca4592c77', 'RUNNING');
INSERT INTO public.run_states (uuid, transitioned_at, run_uuid, state) VALUES ('c8ec1b44-3c1d-41e2-b79f-c45e915ee267', '2025-10-05 10:43:33+00', '9f3db1c5-5e9a-4280-8184-18aca4592c77', 'COMPLETED');
INSERT INTO public.run_states (uuid, transitioned_at, run_uuid, state) VALUES ('388aed3b-659c-4988-94e4-57bbb3e6881d', '2025-10-05 10:38:33+00', '8ddfb1d9-415f-4850-bcd6-01d02f011abe', 'RUNNING');
INSERT INTO public.run_states (uuid, transitioned_at, run_uuid, state) VALUES ('4f1fa010-ed59-4502-80ef-d63d1012b527', '2025-10-05 10:48:33+00', '8ddfb1d9-415f-4850-bcd6-01d02f011abe', 'COMPLETED');
INSERT INTO public.run_states (uuid, transitioned_at, run_uuid, state) VALUES ('b3984259-903a-4541-968e-0fce9a1920e7', '2025-10-05 10:38:33+00', 'd5a2a4c4-fc78-428d-ae85-08c942ed8371', 'RUNNING');
INSERT INTO public.run_states (uuid, transitioned_at, run_uuid, state) VALUES ('d906e092-dc0d-42b7-9d9a-b805c521ba05', '2025-10-05 10:44:33+00', 'd5a2a4c4-fc78-428d-ae85-08c942ed8371', 'COMPLETED');
INSERT INTO public.run_states (uuid, transitioned_at, run_uuid, state) VALUES ('854b6b52-7cf1-4742-88e3-d0bd16d231c8', '2025-10-05 10:38:33+00', 'bd41a42a-bf18-4b74-9bb7-cd62637823d8', 'RUNNING');
INSERT INTO public.run_states (uuid, transitioned_at, run_uuid, state) VALUES ('64e8bcd3-0e16-42b7-bd2e-e2beeeb74506', '2025-10-05 10:44:33+00', 'bd41a42a-bf18-4b74-9bb7-cd62637823d8', 'COMPLETED');
INSERT INTO public.run_states (uuid, transitioned_at, run_uuid, state) VALUES ('d7d1a963-efcb-47e4-bfc7-70aa8e948d9a', '2025-10-05 10:38:33+00', 'adc8507c-595e-4d76-9dac-be2bf0ffe1ee', 'RUNNING');
INSERT INTO public.run_states (uuid, transitioned_at, run_uuid, state) VALUES ('5f974bc6-9e4e-4029-8f69-9031da422196', '2025-10-05 10:43:33+00', 'adc8507c-595e-4d76-9dac-be2bf0ffe1ee', 'COMPLETED');
INSERT INTO public.run_states (uuid, transitioned_at, run_uuid, state) VALUES ('63adbbd4-35ad-4c97-a4fb-4e34448a571a', '2025-10-05 10:38:33+00', '3ab25429-cf9c-4d1d-9166-1e1946f9d3c3', 'RUNNING');
INSERT INTO public.run_states (uuid, transitioned_at, run_uuid, state) VALUES ('2d83b538-1ce5-4bd1-8273-e1fa9335a4f2', '2025-10-05 10:44:33+00', '3ab25429-cf9c-4d1d-9166-1e1946f9d3c3', 'COMPLETED');


ALTER TABLE public.run_states ENABLE TRIGGER ALL;

--
-- Data for Name: runs_input_mapping; Type: TABLE DATA; Schema: public; Owner: marquez
--

ALTER TABLE public.runs_input_mapping DISABLE TRIGGER ALL;

INSERT INTO public.runs_input_mapping (run_uuid, dataset_version_uuid) VALUES ('ffba2c14-4170-48da-bec3-ab5fd4ec9a3f', 'c09244dc-5c97-482d-9d86-bbdd7351357d');
INSERT INTO public.runs_input_mapping (run_uuid, dataset_version_uuid) VALUES ('ffba2c14-4170-48da-bec3-ab5fd4ec9a3f', 'd24f7ddf-50bb-4d7d-9b9c-6efb21ff1e0f');
INSERT INTO public.runs_input_mapping (run_uuid, dataset_version_uuid) VALUES ('ffba2c14-4170-48da-bec3-ab5fd4ec9a3f', 'd8022bed-3ad3-483b-adf3-880b34992412');
INSERT INTO public.runs_input_mapping (run_uuid, dataset_version_uuid) VALUES ('ffba2c14-4170-48da-bec3-ab5fd4ec9a3f', '225d33f0-8422-4e73-b20b-e1dd230f8cc6');
INSERT INTO public.runs_input_mapping (run_uuid, dataset_version_uuid) VALUES ('d5a2a4c4-fc78-428d-ae85-08c942ed8371', '7e03a5ca-e682-4afb-b637-722c3dd65151');
INSERT INTO public.runs_input_mapping (run_uuid, dataset_version_uuid) VALUES ('d5a2a4c4-fc78-428d-ae85-08c942ed8371', '16d5ecfe-2283-4c8c-a942-e451f5cda797');
INSERT INTO public.runs_input_mapping (run_uuid, dataset_version_uuid) VALUES ('d5a2a4c4-fc78-428d-ae85-08c942ed8371', 'c2507378-68b1-4b1e-b507-536214c6911a');
INSERT INTO public.runs_input_mapping (run_uuid, dataset_version_uuid) VALUES ('d5a2a4c4-fc78-428d-ae85-08c942ed8371', '0a03d2d8-6d03-47ac-92cd-6043ac8d41ea');
INSERT INTO public.runs_input_mapping (run_uuid, dataset_version_uuid) VALUES ('d5a2a4c4-fc78-428d-ae85-08c942ed8371', 'f8641f90-ff04-42b8-9c5f-1aecaaa954fc');
INSERT INTO public.runs_input_mapping (run_uuid, dataset_version_uuid) VALUES ('bd41a42a-bf18-4b74-9bb7-cd62637823d8', '5cb4cd3c-6fa7-4789-9a87-ca85a97b2287');
INSERT INTO public.runs_input_mapping (run_uuid, dataset_version_uuid) VALUES ('adc8507c-595e-4d76-9dac-be2bf0ffe1ee', 'c5eb49ec-b6bf-4a18-ae9d-b659b4f1aac0');
INSERT INTO public.runs_input_mapping (run_uuid, dataset_version_uuid) VALUES ('adc8507c-595e-4d76-9dac-be2bf0ffe1ee', '16d5ecfe-2283-4c8c-a942-e451f5cda797');
INSERT INTO public.runs_input_mapping (run_uuid, dataset_version_uuid) VALUES ('3ab25429-cf9c-4d1d-9166-1e1946f9d3c3', 'e2e4b1bf-1801-491a-b4a9-d7cb18bf198a');
INSERT INTO public.runs_input_mapping (run_uuid, dataset_version_uuid) VALUES ('3ab25429-cf9c-4d1d-9166-1e1946f9d3c3', '16d5ecfe-2283-4c8c-a942-e451f5cda797');


ALTER TABLE public.runs_input_mapping ENABLE TRIGGER ALL;

--
-- Data for Name: stream_versions; Type: TABLE DATA; Schema: public; Owner: marquez
--

ALTER TABLE public.stream_versions DISABLE TRIGGER ALL;



ALTER TABLE public.stream_versions ENABLE TRIGGER ALL;

--
-- PostgreSQL database dump complete
--

\unrestrict ZNLnMXdhI1gg24BRWFr4SC3E9J5rb8eS8OtjaUPUs2GaHfDl446F0WnqsDboqkQ

